Title,Type,Timestamp,Account Currency,Total Amount,Buy / Sell,Ticker,ISIN,Price per Share in Account Currency,Stamp Duty,Quantity,Venue,Order ID,Order Type,Instrument Currency,Total Shares Amount,Price per Share,FX Rate,Base FX Rate,FX Fee (BPS),FX Fee Amount,Dividend Ex Date,Dividend Pay Date,Dividend Eligible Quantity,Dividend Amount Per Share,Dividend Gross Distribution Amount,Dividend Net Distribution Amount,Dividend Withheld Tax Percentage,Dividend Withheld Tax Amount
YouGov,DIVIDEND,2023-12-11T16:00:00.000Z,GBP,0.43,,YOU,GB00B1VQ6H25,,,5.00000000,,,,GBP,,,,,,,2023-11-30,2023-12-11,5.00000000,0.08750000,,,0,0.00
Whitbread,DIVIDEND,2023-12-08T17:27:00.000Z,GBP,0.68,,WTB,GB00B1KJJ408,,,2.00000000,,,,GBP,,,,,,,2023-11-02,2023-12-08,2.00000000,0.34100000,,,0,0.00
UK Dividend,ORDER,2023-12-07T14:24:36.276Z,GBP,48.17,BUY,IUKD,IE00B0M63060,6.88142857,0.00,7.00000000,London Stock Exchange,MOXJW5P914JE,MARKET,GBP,48.17,6.88142857,,,0,,,,,,,,,
Target Healthcare,ORDER,2023-12-07T14:22:51.303Z,GBP,49.42,BUY,THRL,GB00BJGTLF51,0.83338983,0.25,59.00000000,London Stock Exchange,PU2SG0OWFOCM,MARKET,GBP,49.17,0.83338983,,,0,,,,,,,,,
Ashtead,ORDER,2023-12-07T14:20:39.108Z,GBP,48.86,BUY,AHT,GB0000536739,48.62000000,0.24,1.00000000,London Stock Exchange,R7DVDDMNNCZ5,MARKET,GBP,48.62,48.62000000,,,0,,,,,,,,,
QinetiQ,ORDER,2023-12-07T14:19:24.637Z,GBP,47.57,BUY,QQ.,GB00B0WMWD03,2.95812500,0.24,16.00000000,London Stock Exchange,X8IE9TY9J5JR,MARKET,GBP,47.33,2.95812500,,,0,,,,,,,,,
Smart Metering Systems,ORDER,2023-12-07T08:41:58.384Z,GBP,57.66,SELL,SMS,GB00B4X1RC86,9.61000000,0.00,6.00000000,London Stock Exchange - Aim MTF,LOHV04VVQ8EN,MARKET,GBP,57.66,9.61000000,,,0,,,,,,,,,
Smaller Companies,DIVIDEND,2023-12-04T17:46:00.000Z,GBP,0.30,,BRSC,GB0006436108,,,2.00000000,,,,GBP,,,,,,,2023-11-02,2023-12-04,2.00000000,0.15000000,,,0,0.00
LSE,ORDER,2023-12-01T15:01:51.038Z,GBP,89.80,SELL,LSEG,GB00B0SWJX34,89.80000000,0.00,1.00000000,London Stock Exchange,RBIQHS0LYUO9,MARKET,GBP,89.80,89.80000000,,,0,,,,,,,,,
November Statement,MONTHLY_STATEMENT,2023-12-01T00:00:00.000Z,,,,,,,,,,,,,,,,,,,,,,,,,,
ITV,DIVIDEND,2023-11-28T18:03:00.000Z,GBP,0.73,,ITV,GB0033986497,,,43.00000000,,,,GBP,,,,,,,2023-10-19,2023-11-28,43.00000000,0.01700000,,,0,0.00
BT,ORDER,2023-11-27T16:02:02.108Z,GBP,49.43,BUY,BT.A,GB0030913577,1.22950000,0.25,40.00000000,London Stock Exchange,B8Y2ZDZOTPDV,MARKET,GBP,49.18,1.22950000,,,0,,,,,,,,,
Foresight Solar,DIVIDEND,2023-11-24T21:53:00.000Z,GBP,0.26,,FSFL,JE00BD3QJR55,,,14.00000000,,,,GBP,,,,,,,2023-10-19,2023-11-24,14.00000000,0.01895000,,,0,0.00
Close Brothers Group,DIVIDEND,2023-11-24T18:03:00.000Z,GBP,2.25,,CBG,GB0007668071,,,5.00000000,,,,GBP,,,,,,,2023-10-19,2023-11-24,5.00000000,0.45000000,,,0,0.00
Tesco,DIVIDEND,2023-11-24T12:10:00.000Z,GBP,0.69,,TSCO,GB00BLGZ9862,,,18.00000000,,,,GBP,,,,,,,2023-10-12,2023-11-24,18.00000000,0.03850000,,,0,0.00
Pan African Resources,ORDER,2023-11-24T08:41:25.579Z,GBP,55.52,SELL,PAF,GB0004300496,0.16000000,0.00,347.00000000,London Stock Exchange - Aim MTF,FXU1WQGH0QMS,MARKET,GBP,55.52,0.16000000,,,0,,,,,,,,,
Greencoat UK,DIVIDEND,2023-11-24T00:48:00.000Z,GBP,0.28,,UKW,GB00B8SC6K54,,,13.00000000,,,,GBP,,,,,,,2023-11-09,2023-11-24,13.00000000,0.02190000,,,0,0.00
Dunelm Group,DIVIDEND,2023-11-20T14:17:00.000Z,GBP,1.08,,DNLM,GB00B1CKQ739,,,4.00000000,,,,GBP,,,,,,,2023-10-26,2023-11-20,4.00000000,0.27000000,,,0,0.00
Redrow,DIVIDEND,2023-11-16T17:22:00.000Z,GBP,1.40,,RDW,GB00BG11K365,,,7.00000000,,,,GBP,,,,,,,2023-09-21,2023-11-16,7.00000000,0.20000000,,,0,0.00
PayPal,ORDER,2023-11-16T16:47:22.058Z,GBP,93.85,BUY,PYPL,US70450Y1038,45.66776706,0.00,2.03491447,Multiple,ILGNUWKLCL4O,MARKET,USD,115.40,56.70882100,1.22949628,1.24179000,99,0.92,,,,,,,,
Computacenter,ORDER,2023-11-16T13:58:13.540Z,GBP,53.36,SELL,CCC,GB00BV9FP302,26.68000000,0.00,2.00000000,London Stock Exchange,KD1EH4YG22LP,MARKET,GBP,53.36,26.68000000,,,0,,,,,,,,,
Hotel Chocolat,ORDER,2023-11-16T13:56:19.422Z,GBP,206.63,SELL,HOTC,GB00BYZC3B04,3.62508772,0.00,57.00000000,London Stock Exchange - Aim MTF,TO4JC9SDRUYH,MARKET,GBP,206.63,3.62508772,,,0,,,,,,,,,
Coats Group,DIVIDEND,2023-11-15T17:10:00.000Z,GBP,0.73,,COA,GB00B4YZN328,,,111.00000000,,,,GBP,,,,,,,2023-10-19,2023-11-15,111.00000000,0.00663938,,,0,0.00
YouGov,ORDER,2023-11-13T12:03:22.024Z,GBP,48.10,BUY,YOU,GB00B1VQ6H25,9.62000000,0.00,5.00000000,London Stock Exchange - Aim MTF,9T22IYR1IXOE,MARKET,GBP,48.10,9.62000000,,,0,,,,,,,,,
Top up,TOP_UP,2023-11-13T12:02:55.012Z,GBP,50.00,,,,,,,,,,,,,,,,,,,,,,,,
M&G,DIVIDEND,2023-11-03T17:42:00.000Z,GBP,1.49,,MNG,GB00BKFB1C65,,,23.00000000,,,,GBP,,,,,,,2023-09-28,2023-11-03,23.00000000,0.06500000,,,0,0.00
Convatec,ORDER,2023-11-02T08:32:40.453Z,GBP,8.46,BUY,CTEC,GB00BD3VFW73,2.10500000,0.04,4.00000000,London Stock Exchange,E74T4DIVHDTN,MARKET,GBP,8.42,2.10500000,,,0,,,,,,,,,
October Statement,MONTHLY_STATEMENT,2023-11-01T00:00:00.000Z,,,,,,,,,,,,,,,,,,,,,,,,,,
Advanced Medical Solutions,DIVIDEND,2023-10-27T23:19:00.000Z,GBP,0.14,,AMS,GB0004536594,,,20.00000000,,,,GBP,,,,,,,2023-09-28,2023-10-27,20.00000000,0.00700000,,,0,0.00
Learning Tech,DIVIDEND,2023-10-27T19:30:00.000Z,GBP,0.10,,LTG,GB00B4T7HX10,,,23.00000000,,,,GBP,,,,,,,2023-10-05,2023-10-27,23.00000000,0.00450000,,,0,0.00
Computacenter,DIVIDEND,2023-10-27T16:28:00.000Z,GBP,0.45,,CCC,GB00BV9FP302,,,2.00000000,,,,GBP,,,,,,,2023-09-28,2023-10-27,2.00000000,0.22600000,,,0,0.00
Midwich,DIVIDEND,2023-10-27T14:53:00.000Z,GBP,0.55,,MIDW,GB00BYSXWW41,,,10.00000000,,,,GBP,,,,,,,2023-09-21,2023-10-27,10.00000000,0.05500000,,,0,0.00
Unite Students,PROPERTY,2023-10-27T10:27:00.000Z,GBP,0.47,,UTG,GB0006928617,,,5.00000000,,,,GBP,,,,,,,2023-09-14,2023-10-27,5.00000000,0.11800000,,,20,0.12
Smart Metering Systems,DIVIDEND,2023-10-26T08:07:00.000Z,GBP,0.49,,SMS,GB00B4X1RC86,,,6.00000000,,,,GBP,,,,,,,2023-10-05,2023-10-26,6.00000000,0.08318750,,,0,0.00
Synthomer,CAPITAL,2023-10-20T17:54:00.000Z,GBP,0.18,,SYNT,GB0009887422,,,31.00000000,,,,GBP,,,,,,,2023-09-28,2023-10-20,31.00000000,0.00600000,,,0,0.00
Fever Tree,DIVIDEND,2023-10-20T17:00:00.000Z,GBP,0.17,,FEVR,GB00BRJ9BJ26,,,3.00000000,,,,GBP,,,,,,,2023-09-28,2023-10-20,3.00000000,0.05740000,,,0,0.00
Derwent London,PROPERTY,2023-10-13T13:51:00.000Z,GBP,0.58,,DLN,GB0002652740,,,3.00000000,,,,GBP,,,,,,,2023-09-07,2023-10-13,3.00000000,0.24500000,,,20,0.15
Assura,PROPERTY,2023-10-11T15:54:00.000Z,GBP,0.57,,AGR,GB00BVGBWW93,,,88.00000000,,,,GBP,,,,,,,2023-09-07,2023-10-11,88.00000000,0.00820000,,,20,0.15
Greggs,DIVIDEND,2023-10-06T18:15:00.000Z,GBP,0.32,,GRG,GB00B63QSB39,,,2.00000000,,,,GBP,,,,,,,2023-09-07,2023-10-06,2.00000000,0.16000000,,,0,0.00
National Grid,ORDER,2023-10-06T08:35:37.357Z,GBP,18.83,BUY,NG.,GB00BDR05C01,9.37000000,0.09,2.00000000,London Stock Exchange,NLTFZCKDN87S,MARKET,GBP,18.74,9.37000000,,,0,,,,,,,,,
FTSE EM,ORDER,2023-10-06T08:34:07.240Z,GBP,42.60,BUY,VFEM,IE00B3VVMM84,42.60000000,0.00,1.00000000,London Stock Exchange,TMWHBRUB7ZJO,MARKET,GBP,42.60,42.60000000,,,0,,,,,,,,,
Coats Group,ORDER,2023-10-06T08:32:28.040Z,GBP,29.42,BUY,COA,GB00B4YZN328,0.69690476,0.15,42.00000000,London Stock Exchange,Q6ULGNHUZT9S,MARKET,GBP,29.27,0.69690476,,,0,,,,,,,,,
Glencore,ORDER,2023-10-06T08:27:50.847Z,GBP,26.56,BUY,GLEN,JE00B4T3BW64,4.42666667,0.00,6.00000000,London Stock Exchange,WANN6UGE63YS,MARKET,GBP,26.56,4.42666667,,,0,,,,,,,,,
Haleon,DIVIDEND,2023-10-05T21:58:00.000Z,GBP,0.27,,HLN,GB00BMX86B70,,,15.00000000,,,,GBP,,,,,,,2023-08-24,2023-10-05,15.00000000,0.01800000,,,0,0.00
DS Smith,DIVIDEND,2023-10-03T16:19:00.000Z,GBP,1.44,,SMDS,GB0008220112,,,12.00000000,,,,GBP,,,,,,,2023-09-07,2023-10-03,12.00000000,0.12000000,,,0,0.00
September Statement,MONTHLY_STATEMENT,2023-10-01T00:00:00.000Z,,,,,,,,,,,,,,,,,,,,,,,,,,
Harmony Energy,DIVIDEND,2023-09-29T22:32:00.000Z,GBP,0.88,,HEIT,GB00BLNNFY18,,,44.00000000,,,,GBP,,,,,,,2023-09-14,2023-09-29,44.00000000,0.02000000,,,0,0.00
Renewables Infrastructure,DIVIDEND,2023-09-29T18:24:00.000Z,GBP,0.26,,TRIG,GG00BBHX2H91,,,15.00000000,,,,GBP,,,,,,,2023-08-10,2023-09-29,15.00000000,0.01795000,,,0,0.00
Antofagasta,DIVIDEND,2023-09-29T18:13:00.000Z,GBP,0.28,,ANTO,GB0000456144,,,3.00000000,,,,GBP,,,,,,,2023-08-31,2023-09-29,3.00000000,0.09364500,,,0,0.00
ProximusDP,ORDER,2023-09-28T08:00:08.057Z,GBP,52.51,SELL,PROXb,BE0003810273,6.62875000,0.00,8.00000000,Boerse Berlin Equiduct Trading - Berlin Second Regulated Market,SOQDQGA41FKN,MARKET,EUR,61.34,7.66750000,1.16805459,1.15660421,99,0.52,,,,,,,,
FTSE EM,DIVIDEND,2023-09-27T16:34:00.000Z,GBP,0.54,,VFEM,IE00B3VVMM84,,,1.00000000,,,,USD,,,,0.81798922,0,0.00,2023-09-14,2023-09-27,1.00000000,0.66668900,0.66,0.66,0,0.00
UK Dividend,DIVIDEND,2023-09-27T04:37:00.000Z,GBP,0.22,,IUKD,IE00B0M63060,,,2.00000000,,,,GBP,,,,,,,2023-09-14,2023-09-27,2.00000000,0.11280000,,,0,0.00
Legal & General,DIVIDEND,2023-09-26T16:59:00.000Z,GBP,2.34,,LGEN,GB0005603997,,,41.00000000,,,,GBP,,,,,,,2023-08-24,2023-09-26,41.00000000,0.05710000,,,0,0.00
Glencore,CAPITAL,2023-09-22T23:10:00.000Z,GBP,2.40,,GLEN,JE00B4T3BW64,,,10.00000000,,,,GBP,,,,,,,2023-08-31,2023-09-22,10.00000000,0.24044241,,,0,0.00
LSE,DIVIDEND,2023-09-20T16:26:00.000Z,GBP,0.35,,LSEG,GB00B0SWJX34,,,1.00000000,,,,GBP,,,,,,,2023-08-17,2023-09-20,1.00000000,0.35700000,,,0,0.00
Pearson,DIVIDEND,2023-09-18T17:53:00.000Z,GBP,0.35,,PSON,GB0006776081,,,5.00000000,,,,GBP,,,,,,,2023-08-10,2023-09-18,5.00000000,0.07000000,,,0,0.00
Relx,ORDER,2023-09-18T08:02:54.096Z,GBP,55.88,SELL,REL,GB00B2B0DG97,27.94000000,0.00,2.00000000,London Stock Exchange,QEC0MDD7L1Y8,MARKET,GBP,55.88,27.94000000,,,0,,,,,,,,,
Lloyds,DIVIDEND,2023-09-12T16:47:00.000Z,GBP,0.78,,LLOY,GB0008706128,,,85.00000000,,,,GBP,,,,,,,2023-08-03,2023-09-12,85.00000000,0.00920000,,,0,0.00
IP Group,DIVIDEND,2023-09-04T14:39:00.000Z,GBP,0.27,,IPO,GB00B128J450,,,54.00000000,,,,GBP,,,,,,,2023-08-10,2023-09-04,54.00000000,0.00510000,,,0,0.00
Pennon Group,DIVIDEND,2023-09-04T14:35:00.000Z,GBP,0.59,,PNN,GB00BNNTLN49,,,2.00000000,,,,GBP,,,,,,,2023-07-20,2023-09-04,2.00000000,0.29770000,,,0,0.00
Mobico Group,DIVIDEND,2023-09-01T16:20:00.000Z,GBP,0.05,,MCG,GB0006215205,,,3.00000000,,,,GBP,,,,,,,2023-08-03,2023-09-01,3.00000000,0.01700000,,,0,0.00
National Grid,ORDER,2023-09-01T08:20:22.635Z,GBP,49.80,BUY,NG.,GB00BDR05C01,9.91000000,0.25,5.00000000,London Stock Exchange,GDTO1SSVTS41,MARKET,GBP,49.55,9.91000000,,,0,,,,,,,,,
Top up,TOP_UP,2023-09-01T08:19:59.526Z,GBP,50.00,,,,,,,,,,,,,,,,,,,,,,,,
August Statement,MONTHLY_STATEMENT,2023-09-01T00:00:00.000Z,,,,,,,,,,,,,,,,,,,,,,,,,,
Foresight Solar,DIVIDEND,2023-08-25T23:16:00.000Z,GBP,0.26,,FSFL,JE00BD3QJR55,,,14.00000000,,,,GBP,,,,,,,2023-07-20,2023-08-25,14.00000000,0.01880000,,,0,0.00
Greencoat UK,DIVIDEND,2023-08-25T22:05:00.000Z,GBP,0.28,,UKW,GB00B8SC6K54,,,13.00000000,,,,GBP,,,,,,,2023-08-10,2023-08-25,13.00000000,0.02190000,,,0,0.00
Volex,DIVIDEND,2023-08-25T15:25:00.000Z,GBP,0.36,,VLX,GB0009390070,,,14.00000000,,,,GBP,,,,,,,2023-07-20,2023-08-25,14.00000000,0.02600000,,,0,0.00
Volution,ORDER,2023-08-25T12:59:57.778Z,GBP,43.82,BUY,FAN,GB00BN3ZZ526,3.63333333,0.22,12.00000000,London Stock Exchange,TJO8MU91OPRS,MARKET,GBP,43.60,3.63333333,,,0,,,,,,,,,
Atalaya Mining,ORDER,2023-08-25T12:57:59.683Z,GBP,47.98,BUY,ATYM,CY0106002112,3.19866667,0.00,15.00000000,London Stock Exchange - Aim MTF,O1OBPYLWA34A,MARKET,GBP,47.98,3.19866667,,,0,,,,,,,,,
Pan African Resources,ORDER,2023-08-25T12:54:40.771Z,GBP,49.98,BUY,PAF,GB0004300496,0.14331412,0.25,347.00000000,London Stock Exchange - Aim MTF,1IKZUQ5LH8JI,MARKET,GBP,49.73,0.14331412,,,0,,,,,,,,,
ProximusDP,ORDER,2023-08-25T12:53:07.090Z,GBP,46.63,BUY,PROXb,BE0003810273,5.77125000,0.00,8.00000000,Boerse Berlin Equiduct Trading,HCWUKNZ15Q2C,MARKET,EUR,53.87,6.73375000,1.15530921,1.16686114,99,0.46,,,,,,,,
Relx,ORDER,2023-08-23T08:02:10.664Z,GBP,49.63,BUY,REL,GB00B2B0DG97,24.69000000,0.25,2.00000000,London Stock Exchange,2RQQ106H6EC9,MARKET,GBP,49.38,24.69000000,,,0,,,,,,,,,
Volex,ORDER,2023-08-16T12:55:09.785Z,GBP,46.37,SELL,VLX,GB0009390070,3.31214286,0.00,14.00000000,London Stock Exchange - Aim MTF,8688OQSW9W4M,MARKET,GBP,46.37,3.31214286,,,0,,,,,,,,,
M&S,ORDER,2023-08-16T12:54:01.290Z,GBP,57.53,SELL,MKS,GB0031274896,2.30120000,0.00,25.00000000,London Stock Exchange,BP4KPV8F9NPR,MARKET,GBP,57.53,2.30120000,,,0,,,,,,,,,
National Grid,DIVIDEND,2023-08-09T16:22:00.000Z,GBP,0.75,,NG.,GB00BDR05C01,,,2.00000000,,,,GBP,,,,,,,2023-06-01,2023-08-09,2.00000000,0.37600000,,,0,0.00
JD Sports,DIVIDEND,2023-08-04T22:00:00.000Z,GBP,0.16,,JD.,GB00BM8Q5M07,,,25.00000000,,,,GBP,,,,,,,2023-07-06,2023-08-04,25.00000000,0.00670000,,,0,0.00
B&M Retail Value,DIVIDEND,2023-08-04T12:35:00.000Z,GBP,0.73,,BME,LU1072616219,,,9.00000000,,,,GBP,,,,,,,2023-06-29,2023-08-04,9.00000000,0.09600000,,,15,0.13
GB,DIVIDEND,2023-08-03T18:19:00.000Z,GBP,0.24,,GBG,GB0006870611,,,6.00000000,,,,GBP,,,,,,,2023-06-22,2023-08-03,6.00000000,0.04000000,,,0,0.00
WHSmiths,DIVIDEND,2023-08-03T17:53:00.000Z,GBP,0.24,,SMWH,GB00B2PDGW16,,,3.00000000,,,,GBP,,,,,,,2023-07-13,2023-08-03,3.00000000,0.08100000,,,0,0.00
Tate & Lyle,DIVIDEND,2023-08-02T22:43:00.000Z,GBP,0.78,,TATE,GB00BP92CJ43,,,6.00000000,,,,GBP,,,,,,,2023-06-22,2023-08-02,6.00000000,0.13100000,,,0,0.00
Diploma,ORDER,2023-08-02T12:43:19.954Z,GBP,64.68,SELL,DPLM,GB0001826634,32.34000000,0.00,2.00000000,London Stock Exchange,UEK52W6RTFSP,MARKET,GBP,64.68,32.34000000,,,0,,,,,,,,,
July Statement,MONTHLY_STATEMENT,2023-08-01T00:00:00.000Z,,,,,,,,,,,,,,,,,,,,,,,,,,
Ashtead,ORDER,2023-07-31T11:15:24.472Z,GBP,57.26,SELL,AHT,GB0000536739,57.26000000,0.00,1.00000000,London Stock Exchange,9MVWESZ920XB,MARKET,GBP,57.26,57.26000000,,,0,,,,,,,,,
Smart Metering Systems,DIVIDEND,2023-07-27T18:30:00.000Z,GBP,0.45,,SMS,GB00B4X1RC86,,,6.00000000,,,,GBP,,,,,,,2023-07-06,2023-07-27,6.00000000,0.07562500,,,0,0.00
Airtel Africa,DIVIDEND,2023-07-26T18:26:00.000Z,GBP,0.69,,AAF,GB00BKDRYJ47,,,27.00000000,,,,USD,,,,0.78160000,0,0.00,2023-06-22,2023-07-26,27.00000000,0.03270000,0.88,0.88,0,0.00
RWS,DIVIDEND,2023-07-21T14:04:00.000Z,GBP,0.45,,RWS,GB00BVFCZV34,,,19.00000000,,,,GBP,,,,,,,2023-06-22,2023-07-21,19.00000000,0.02400000,,,0,0.00
Dr. Martens,DIVIDEND,2023-07-18T18:29:00.000Z,GBP,1.45,,DOCS,GB00BL6NGV24,,,34.00000000,,,,GBP,,,,,,,2023-06-08,2023-07-18,34.00000000,0.04280000,,,0,0.00
Wise,ORDER,2023-07-17T07:06:02.376Z,GBP,53.61,BUY,WISE,GB00BL9YR756,6.66750000,0.27,8.00000000,London Stock Exchange,VDGSQS0UXEK1,MARKET,GBP,53.34,6.66750000,,,0,,,,,,,,,
Learning Tech,DIVIDEND,2023-07-14T15:20:00.000Z,GBP,0.26,,LTG,GB00B4T7HX10,,,23.00000000,,,,GBP,,,,,,,2023-06-22,2023-07-14,23.00000000,0.01150000,,,0,0.00
Computacenter,DIVIDEND,2023-07-14T15:08:00.000Z,GBP,0.91,,CCC,GB00BV9FP302,,,2.00000000,,,,GBP,,,,,,,2023-06-15,2023-07-14,2.00000000,0.45800000,,,0,0.00
XP Power,DIVIDEND,2023-07-13T22:57:00.000Z,GBP,0.54,,XPP,SG9999003735,,,3.00000000,,,,GBP,,,,,,,2023-06-15,2023-07-13,3.00000000,0.18000000,,,0,0.00
Assura,DIVIDEND,2023-07-12T19:34:00.000Z,GBP,0.57,,AGR,GB00BVGBWW93,,,88.00000000,,,,GBP,,,,,,,2023-06-08,2023-07-12,88.00000000,0.00820000,,,20,0.15
Greencore,ORDER,2023-07-10T08:29:30.798Z,GBP,57.72,SELL,GNC,IE0003864109,0.87454545,0.00,66.00000000,London Stock Exchange,5MC1TR3PTVGH,MARKET,GBP,57.72,0.87454545,,,0,,,,,,,,,
Sainsbury's,ORDER,2023-07-07T08:50:21.229Z,GBP,34.81,BUY,SBRY,GB00B019KW72,2.66461538,0.17,13.00000000,London Stock Exchange,CMVC0P6TW8AV,MARKET,GBP,34.64,2.66461538,,,0,,,,,,,,,
Grainger,DIVIDEND,2023-07-03T22:37:00.000Z,GBP,0.43,,GRI,GB00B04V1276,,,19.00000000,,,,GBP,,,,,,,2023-05-25,2023-07-03,19.00000000,0.02280000,,,0,0.00
June Statement,MONTHLY_STATEMENT,2023-07-01T00:00:00.000Z,,,,,,,,,,,,,,,,,,,,,,,,,,
Renewables Infrastructure,DIVIDEND,2023-06-30T17:38:00.000Z,GBP,0.26,,TRIG,GG00BBHX2H91,,,15.00000000,,,,GBP,,,,,,,2023-05-11,2023-06-30,15.00000000,0.01795000,,,0,0.00
Fallen Angels,DIVIDEND,2023-06-28T19:25:00.000Z,GBP,0.23,,WIGG,IE00BDFK1680,,,2.00000000,,,,GBP,,,,,,,2023-06-15,2023-06-28,2.00000000,0.11910000,,,0,0.00
FTSE EM,DIVIDEND,2023-06-28T13:17:00.000Z,GBP,0.33,,VFEM,IE00B3VVMM84,,,1.00000000,,,,USD,,,,0.78921677,0,0.00,2023-06-15,2023-06-28,1.00000000,0.42158700,0.42,0.42,0,0.00
Legal & General,ORDER,2023-06-28T07:24:22.176Z,GBP,39.03,BUY,LGEN,GB0005603997,2.28470588,0.19,17.00000000,London Stock Exchange,Z8DSQMKLUKON,MARKET,GBP,38.84,2.28470588,,,0,,,,,,,,,
discoverIE,ORDER,2023-06-28T07:21:22.430Z,GBP,41.80,BUY,DSCV,GB0000055888,8.31800000,0.21,5.00000000,London Stock Exchange,558XSSGMW35J,MARKET,GBP,41.59,8.31800000,,,0,,,,,,,,,
UK Dividend,DIVIDEND,2023-06-28T06:33:00.000Z,GBP,0.31,,IUKD,IE00B0M63060,,,2.00000000,,,,GBP,,,,,,,2023-06-15,2023-06-28,2.00000000,0.15530000,,,0,0.00
Smaller Companies,DIVIDEND,2023-06-27T21:11:00.000Z,GBP,0.51,,BRSC,GB0006436108,,,2.00000000,,,,GBP,,,,,,,2023-05-18,2023-06-27,2.00000000,0.25500000,,,0,0.00
Spire Healthcare,DIVIDEND,2023-06-23T22:29:00.000Z,GBP,0.10,,SPI,GB00BNLPYF73,,,20.00000000,,,,GBP,,,,,,,2023-05-25,2023-06-23,20.00000000,0.00500000,,,0,0.00
Tesco,DIVIDEND,2023-06-23T19:12:00.000Z,GBP,1.26,,TSCO,GB00BLGZ9862,,,18.00000000,,,,GBP,,,,,,,2023-05-11,2023-06-23,18.00000000,0.07050000,,,0,0.00
Whitbread,ORDER,2023-06-23T08:20:45.522Z,GBP,67.09,BUY,WTB,GB00B1KJJ408,33.38000000,0.33,2.00000000,London Stock Exchange,JNXMWLWRNH4W,MARKET,GBP,66.76,33.38000000,,,0,,,,,,,,,
IP Group,DIVIDEND,2023-06-22T21:13:00.000Z,GBP,0.41,,IPO,GB00B128J450,,,54.00000000,,,,GBP,,,,,,,2023-05-25,2023-06-22,54.00000000,0.00760000,,,0,0.00
Sirius Real Estate,ORDER,2023-06-20T11:35:37.241Z,GBP,55.78,SELL,SRE,GG00B1W3VF54,0.88539683,0.00,63.00000000,London Stock Exchange,DDE99PATQWAK,MARKET,GBP,55.78,0.88539683,,,0,,,,,,,,,
Accesso Technology,ORDER,2023-06-20T11:34:14.914Z,GBP,64.05,SELL,ACSO,GB0001771426,8.00625000,0.00,8.00000000,London Stock Exchange - Aim MTF,T580CGBIDYO0,MARKET,GBP,64.05,8.00625000,,,0,,,,,,,,,
Harmony Energy,INTEREST,2023-06-16T17:39:00.000Z,GBP,0.44,,HEIT,GB00BLNNFY18,,,44.00000000,,,,GBP,,,,,,,2023-06-01,2023-06-16,44.00000000,0.01000000,,,0,0.00
Harmony Energy,DIVIDEND,2023-06-16T15:53:00.000Z,GBP,0.44,,HEIT,GB00BLNNFY18,,,44.00000000,,,,GBP,,,,,,,2023-06-01,2023-06-16,44.00000000,0.01000000,,,0,0.00
Haleon,ORDER,2023-06-15T12:30:46.480Z,GBP,48.64,BUY,HLN,GB00BMX86B70,3.22666667,0.24,15.00000000,London Stock Exchange,CVAG6CIR315X,MARKET,GBP,48.40,3.22666667,,,0,,,,,,,,,
Midwich,ORDER,2023-06-15T12:29:38.755Z,GBP,46.93,BUY,MIDW,GB00BYSXWW41,4.69300000,0.00,10.00000000,London Stock Exchange - Aim MTF,LIR83BTYXXF3,MARKET,GBP,46.93,4.69300000,,,0,,,,,,,,,
Greencore,ORDER,2023-06-15T12:29:04.326Z,GBP,49.48,BUY,GNC,IE0003864109,0.74227273,0.49,66.00000000,London Stock Exchange,KTH1RUJII1AN,MARKET,GBP,48.99,0.74227273,,,0,,,,,,,,,
Adobe,ORDER,2023-06-12T18:59:12.506Z,GBP,50.56,SELL,ADBE,US00724F1012,380.10279820,0.00,0.13435839,Drivewealth,AVG40816GHHA,MARKET,USD,63.86,475.31000000,1.26294054,1.25056000,99,0.51,,,,,,,,
Diploma,DIVIDEND,2023-06-09T00:54:00.000Z,GBP,0.33,,DPLM,GB0001826634,,,2.00000000,,,,GBP,,,,,,,2023-05-25,2023-06-09,2.00000000,0.16500000,,,0,0.00
Advanced Medical Solutions,DIVIDEND,2023-06-09T00:13:00.000Z,GBP,0.30,,AMS,GB0004536594,,,20.00000000,,,,GBP,,,,,,,2023-05-18,2023-06-09,20.00000000,0.01510000,,,0,0.00
Derwent London,ORDER,2023-06-07T07:35:16.443Z,GBP,66.81,BUY,DLN,GB0002652740,22.16000000,0.33,3.00000000,London Stock Exchange,CYQUX6HPB1PB,MARKET,GBP,66.48,22.16000000,,,0,,,,,,,,,
Legal & General,DIVIDEND,2023-06-05T17:53:00.000Z,GBP,3.34,,LGEN,GB0005603997,,,24.00000000,,,,GBP,,,,,,,2023-04-27,2023-06-05,24.00000000,0.13930000,,,0,0.00
Fever Tree,DIVIDEND,2023-06-02T15:47:00.000Z,GBP,0.32,,FEVR,GB00BRJ9BJ26,,,3.00000000,,,,GBP,,,,,,,2023-04-20,2023-06-02,3.00000000,0.10680000,,,0,0.00
Glencore,CAPITAL,2023-06-01T20:35:00.000Z,GBP,1.76,,GLEN,JE00B4T3BW64,,,10.00000000,,,,GBP,,,,,,,2023-05-04,2023-06-01,10.00000000,0.17640920,,,0,0.00
May Statement,MONTHLY_STATEMENT,2023-06-01T00:00:00.000Z,,,,,,,,,,,,,,,,,,,,,,,,,,
Puma,DIVIDEND,2023-05-30T21:13:00.000Z,GBP,0.52,,PUMd,DE0006969603,,,1.00000000,,,,EUR,,,,0.86354600,0,0.00,2023-05-25,2023-05-30,1.00000000,0.82000000,0.82,0.60,26,0.22
Greencoat UK,DIVIDEND,2023-05-26T22:51:00.000Z,GBP,0.28,,UKW,GB00B8SC6K54,,,13.00000000,,,,GBP,,,,,,,2023-05-11,2023-05-26,13.00000000,0.02190000,,,0,0.00
Foresight Solar,DIVIDEND,2023-05-26T21:52:00.000Z,GBP,0.24,,FSFL,JE00BD3QJR55,,,14.00000000,,,,GBP,,,,,,,2023-04-20,2023-05-26,14.00000000,0.01780000,,,0,0.00
Greggs,DIVIDEND,2023-05-26T17:31:00.000Z,GBP,0.88,,GRG,GB00B63QSB39,,,2.00000000,,,,GBP,,,,,,,2023-04-27,2023-05-26,2.00000000,0.44000000,,,0,0.00
Unite Students,PROPERTY,2023-05-26T16:47:00.000Z,GBP,0.86,,UTG,GB0006928617,,,5.00000000,,,,GBP,,,,,,,2023-04-13,2023-05-26,5.00000000,0.21700000,,,20,0.22
AB Dynamics,ORDER,2023-05-26T13:51:54.695Z,GBP,58.25,SELL,ABDP,GB00B9GQVG73,19.41666667,0.00,3.00000000,London Stock Exchange - Aim MTF,TBCAGH3BZVGJ,MARKET,GBP,58.25,19.41666667,,,0,,,,,,,,,
Nvidia,ORDER,2023-05-26T13:50:09.363Z,GBP,65.93,SELL,NVDA,US67066G1040,307.18382048,0.00,0.21677574,Drivewealth,5YL96T8YD2GC,MARKET,USD,82.23,379.31000000,1.24708511,1.23486000,99,0.66,,,,,,,,
ITV,DIVIDEND,2023-05-25T18:37:00.000Z,GBP,1.41,,ITV,GB0033986497,,,43.00000000,,,,GBP,,,,,,,2023-04-13,2023-05-25,43.00000000,0.03300000,,,0,0.00
Coats Group,DIVIDEND,2023-05-25T14:49:00.000Z,GBP,0.94,,COA,GB00B4YZN328,,,69.00000000,,,,GBP,,,,,,,2023-04-27,2023-05-25,69.00000000,0.01376491,,,0,0.00
Softcat,DIVIDEND,2023-05-24T21:01:00.000Z,GBP,0.16,,SCT,GB00BYZDVK82,,,2.00000000,,,,GBP,,,,,,,2023-04-13,2023-05-24,2.00000000,0.08000000,,,0,0.00
LSE,DIVIDEND,2023-05-24T20:35:00.000Z,GBP,0.75,,LSEG,GB00B0SWJX34,,,1.00000000,,,,GBP,,,,,,,2023-04-20,2023-05-24,1.00000000,0.75300000,,,0,0.00
Altri,DIVIDEND,2023-05-24T17:23:00.000Z,GBP,1.12,,ALTRu,PTALT0AE0002,,,8.00000000,,,,EUR,,,,0.86662998,0,0.00,2023-05-16,2023-05-24,8.00000000,0.25000000,2.00,1.30,35,0.70
Altri,CAPITAL,2023-05-24T04:15:00.000Z,GBP,0.01,,ALTRu,PTALT0AE0002,,,8.00000000,,,,EUR,,,,0.86253700,0,0.00,2023-05-16,2023-05-24,8.00000000,0.00161200,0.01,0.01,0,0.00
Lloyds,DIVIDEND,2023-05-23T20:49:00.000Z,GBP,1.36,,LLOY,GB0008706128,,,85.00000000,,,,GBP,,,,,,,2023-04-13,2023-05-23,85.00000000,0.01600000,,,0,0.00
Alpha Group,DIVIDEND,2023-05-19T22:10:00.000Z,GBP,0.33,,ALPH,GB00BF1TM596,,,3.00000000,,,,GBP,,,,,,,2023-04-13,2023-05-19,3.00000000,0.11000000,,,0,0.00
AB Dynamics,DIVIDEND,2023-05-19T22:00:00.000Z,GBP,0.05,,ABDP,GB00B9GQVG73,,,3.00000000,,,,GBP,,,,,,,2023-05-04,2023-05-19,3.00000000,0.01940000,,,0,0.00
RWS,ORDER,2023-05-19T14:49:30.463Z,GBP,47.72,BUY,RWS,GB00BVFCZV34,2.51157895,0.00,19.00000000,London Stock Exchange - Aim MTF,P50SLGW8PM4F,MARKET,GBP,47.72,2.51157895,,,0,,,,,,,,,
Halma,ORDER,2023-05-18T11:52:59.140Z,GBP,50.08,SELL,HLMA,GB0004052071,25.04000000,0.00,2.00000000,London Stock Exchange,SELGG8OY52R3,MARKET,GBP,50.08,25.04000000,,,0,,,,,,,,,
National Express,DIVIDEND,2023-05-15T17:20:00.000Z,GBP,0.15,,NEX,GB0006215205,,,3.00000000,,,,GBP,,,,,,,2023-04-13,2023-05-15,3.00000000,0.05000000,,,0,0.00
Antofagasta,DIVIDEND,2023-05-12T16:38:00.000Z,GBP,1.21,,ANTO,GB0000456144,,,3.00000000,,,,GBP,,,,,,,2023-04-20,2023-05-12,3.00000000,0.40416200,,,0,0.00
Alpha Group,ORDER,2023-05-10T08:00:49.946Z,GBP,68.11,SELL,ALPH,GB00BF1TM596,22.70333333,0.00,3.00000000,London Stock Exchange - Aim MTF,LR118NUOTJNC,MARKET,GBP,68.11,22.70333333,,,0,,,,,,,,,
Pearson,DIVIDEND,2023-05-05T14:29:00.000Z,GBP,0.74,,PSON,GB0006776081,,,5.00000000,,,,GBP,,,,,,,2023-03-23,2023-05-05,5.00000000,0.14900000,,,0,0.00
April Statement,MONTHLY_STATEMENT,2023-05-01T00:00:00.000Z,,,,,,,,,,,,,,,,,,,,,,,,,,
Smart Metering Systems,DIVIDEND,2023-04-27T16:49:00.000Z,GBP,0.45,,SMS,GB00B4X1RC86,,,6.00000000,,,,GBP,,,,,,,2023-04-06,2023-04-27,6.00000000,0.07562500,,,0,0.00
M&G,DIVIDEND,2023-04-27T16:26:00.000Z,GBP,3.08,,MNG,GB00BKFB1C65,,,23.00000000,,,,GBP,,,,,,,2023-03-16,2023-04-27,23.00000000,0.13400000,,,0,0.00
Hotel Chocolat,ORDER,2023-04-27T13:05:34.368Z,GBP,9.89,BUY,HOTC,GB00BYZC3B04,1.64833333,0.00,6.00000000,London Stock Exchange - Aim MTF,7Y6QDC15A30Z,MARKET,GBP,9.89,1.64833333,,,0,,,,,,,,,
XP Power,ORDER,2023-04-27T13:05:00.406Z,GBP,65.38,BUY,XPP,SG9999003735,21.79333333,0.00,3.00000000,London Stock Exchange,U66HO1V8GZTO,MARKET,GBP,65.38,21.79333333,,,0,,,,,,,,,
Computacenter,ORDER,2023-04-27T13:03:56.686Z,GBP,45.91,BUY,CCC,GB00BV9FP302,22.84000000,0.23,2.00000000,London Stock Exchange,UV40OP3P8HC2,MARKET,GBP,45.68,22.84000000,,,0,,,,,,,,,
Top up,TOP_UP,2023-04-27T13:03:21.530Z,GBP,100.00,,,,,,,,,,,,,,,,,,,,,,,,
Close Brothers Group,DIVIDEND,2023-04-26T12:30:00.000Z,GBP,1.12,,CBG,GB0007668071,,,5.00000000,,,,GBP,,,,,,,2023-03-23,2023-04-26,5.00000000,0.22500000,,,0,0.00
WHSmiths,ORDER,2023-04-26T12:00:15.977Z,GBP,46.28,BUY,SMWH,GB00B2PDGW16,15.35000000,0.23,3.00000000,London Stock Exchange,ZZNOQJ3RZA94,MARKET,GBP,46.05,15.35000000,,,0,,,,,,,,,
Pod Point ,ORDER,2023-04-24T08:21:15.941Z,GBP,62.27,SELL,PODP,GB00BNDRD100,0.94348485,0.00,66.00000000,London Stock Exchange,UY7PKTV4D56M,MARKET,GBP,62.27,0.94348485,,,0,,,,,,,,,
Assura,PROPERTY,2023-04-12T16:28:00.000Z,GBP,0.54,,AGR,GB00BVGBWW93,,,88.00000000,,,,GBP,,,,,,,2023-03-09,2023-04-12,88.00000000,0.00780000,,,20,0.14
Dunelm Group,DIVIDEND,2023-04-11T17:51:00.000Z,GBP,0.60,,DNLM,GB00B1CKQ739,,,4.00000000,,,,GBP,,,,,,,2023-03-16,2023-04-11,4.00000000,0.15000000,,,0,0.00
Dunelm Group,DIVIDEND,2023-04-11T16:50:00.000Z,GBP,1.60,,DNLM,GB00B1CKQ739,,,4.00000000,,,,GBP,,,,,,,2023-03-16,2023-04-11,4.00000000,0.40000000,,,0,0.00
Redrow,DIVIDEND,2023-04-06T11:20:00.000Z,GBP,0.70,,RDW,GB00BG11K365,,,7.00000000,,,,GBP,,,,,,,2023-02-23,2023-04-06,7.00000000,0.10000000,,,0,0.00
Pennon Group,DIVIDEND,2023-04-05T14:10:00.000Z,GBP,0.25,,PNN,GB00BNNTLN49,,,2.00000000,,,,GBP,,,,,,,2023-01-26,2023-04-05,2.00000000,0.12960000,,,0,0.00
Nordea Bank,DIVIDEND,2023-04-03T07:25:00.000Z,GBP,0.45,,NDAh,FI4000297767,,,1.00000000,,,,EUR,,,,0.87278694,0,0.00,2023-03-24,2023-04-03,1.00000000,0.80000000,0.80,0.52,35,0.28
March Statement,MONTHLY_STATEMENT,2023-04-01T00:00:00.000Z,,,,,,,,,,,,,,,,,,,,,,,,,,
Renewables Infrastructure,DIVIDEND,2023-03-31T11:05:00.000Z,GBP,0.25,,TRIG,GG00BBHX2H91,,,15.00000000,,,,GBP,,,,,,,2023-02-09,2023-03-31,15.00000000,0.01710000,,,0,0.00
UK Dividend,DIVIDEND,2023-03-29T21:06:00.000Z,GBP,0.06,,IUKD,IE00B0M63060,,,2.00000000,,,,GBP,,,,,,,2023-03-16,2023-03-29,2.00000000,0.03020000,,,0,0.00
FTSE EM,DIVIDEND,2023-03-29T14:37:00.000Z,GBP,0.14,,VFEM,IE00B3VVMM84,,,1.00000000,,,,USD,,,,0.81095502,0,0.00,2023-03-16,2023-03-29,1.00000000,0.17429200,0.17,0.17,0,0.00
Harmony Energy,ORDER,2023-03-17T12:33:20.030Z,GBP,51.96,BUY,HEIT,GB00BLNNFY18,1.17500000,0.26,44.00000000,London Stock Exchange,40CD9GIE2F3Q,MARKET,GBP,51.70,1.17500000,,,0,,,,,,,,,
Ashtead,ORDER,2023-03-17T12:32:54.559Z,GBP,49.72,BUY,AHT,GB0000536739,49.47000000,0.25,1.00000000,London Stock Exchange,8M3H01DNLR88,MARKET,GBP,49.47,49.47000000,,,0,,,,,,,,,
Top up,TOP_UP,2023-03-17T12:31:34.826Z,GBP,100.00,,,,,,,,,,,,,,,,,,,,,,,,
Legal & General,ORDER,2023-03-17T12:28:55.040Z,GBP,55.36,BUY,LGEN,GB0005603997,2.29500000,0.28,24.00000000,London Stock Exchange,92PZTKRZE3W4,MARKET,GBP,55.08,2.29500000,,,0,,,,,,,,,
AB Dynamics,ORDER,2023-03-15T12:01:35.867Z,GBP,48.90,BUY,ABDP,GB00B9GQVG73,16.30000000,0.00,3.00000000,London Stock Exchange - Aim MTF,ND65CYCCUE2Z,MARKET,GBP,48.90,16.30000000,,,0,,,,,,,,,
Accesso Technology,ORDER,2023-03-15T12:00:54.535Z,GBP,56.47,BUY,ACSO,GB0001771426,7.05875000,0.00,8.00000000,London Stock Exchange - Aim MTF,L1XMSZDHMBN5,MARKET,GBP,56.47,7.05875000,,,0,,,,,,,,,
Sirius Real Estate,ORDER,2023-03-15T08:42:56.024Z,GBP,49.71,BUY,SRE,GG00B1W3VF54,0.78904762,0.00,63.00000000,London Stock Exchange,K51R7IT14D8S,MARKET,GBP,49.71,0.78904762,,,0,,,,,,,,,
BAE Systems,ORDER,2023-03-09T12:22:57.916Z,GBP,64.99,SELL,BA.,GB0002634946,9.28428571,0.00,7.00000000,London Stock Exchange,QRDWVZF0KFZM,MARKET,GBP,64.99,9.28428571,,,0,,,,,,,,,
February Statement,MONTHLY_STATEMENT,2023-03-01T00:00:00.000Z,,,,,,,,,,,,,,,,,,,,,,,,,,
Pearson,ORDER,2023-02-27T14:18:21.654Z,GBP,46.41,BUY,PSON,GB0006776081,9.23600000,0.23,5.00000000,London Stock Exchange,FGSFH0CX5NBP,MARKET,GBP,46.18,9.23600000,,,0,,,,,,,,,
Grainger,ORDER,2023-02-27T14:16:54.981Z,GBP,47.50,BUY,GRI,GB00B04V1276,2.48736842,0.24,19.00000000,London Stock Exchange,UV7ATXTGLVTL,MARKET,GBP,47.26,2.48736842,,,0,,,,,,,,,
Greggs,ORDER,2023-02-27T14:15:59.594Z,GBP,53.87,BUY,GRG,GB00B63QSB39,26.80000000,0.27,2.00000000,London Stock Exchange,9CP38UQMRX8D,MARKET,GBP,53.60,26.80000000,,,0,,,,,,,,,
Foresight Solar,DIVIDEND,2023-02-24T21:15:00.000Z,GBP,0.24,,FSFL,JE00BD3QJR55,,,14.00000000,,,,GBP,,,,,,,2023-01-26,2023-02-24,14.00000000,0.01780000,,,0,0.00
Greencoat UK,DIVIDEND,2023-02-24T12:43:00.000Z,GBP,0.25,,UKW,GB00B8SC6K54,,,13.00000000,,,,GBP,,,,,,,2023-02-09,2023-02-24,13.00000000,0.01930000,,,0,0.00
Infineon Tech,DIVIDEND,2023-02-21T10:50:00.000Z,GBP,0.20,,IFXd,DE0006231004,,,1.00000000,,,,EUR,,,,0.88100037,0,0.00,2023-02-17,2023-02-21,1.00000000,0.32000000,0.32,0.23,26,0.09
Synthomer,ORDER,2023-02-15T08:36:52.055Z,GBP,48.57,BUY,SYNT,GB0009887422,1.55903226,0.24,31.00000000,London Stock Exchange,AACQCRDGPT5G,MARKET,GBP,48.33,1.55903226,,,,,,,,,,,,
Close Brothers Group,ORDER,2023-02-10T09:02:19.735Z,GBP,51.20,BUY,CBG,GB0007668071,10.19000000,0.25,5.00000000,London Stock Exchange,U4DJU33SN83D,MARKET,GBP,50.95,10.19000000,,,,,,,,,,,,
B&M Retail Value,SPECIAL_DIVIDEND,2023-02-03T20:33:00.000Z,GBP,1.53,,BME,LU1072616219,,,9.00000000,,,,GBP,,,,,,,2023-01-12,2023-02-03,9.00000000,0.20000000,,,15,0.27
Dr. Martens,DIVIDEND,2023-02-03T13:58:00.000Z,GBP,0.10,,DOCS,GB00BL6NGV24,,,7.00000000,,,,GBP,,,,,,,2023-01-05,2023-02-03,7.00000000,0.01560000,,,0,0.00
Spire Healthcare,ORDER,2023-02-03T09:00:52.328Z,GBP,49.41,BUY,SPI,GB00BNLPYF73,2.45800000,0.25,20.00000000,London Stock Exchange,URPMT685LLN3,MARKET,GBP,49.16,2.45800000,,,,,,,,,,,,
Antofagasta,ORDER,2023-02-03T09:00:19.781Z,GBP,51.81,BUY,ANTO,GB0000456144,17.18333333,0.26,3.00000000,London Stock Exchange,IU88ZJ3RCL75,MARKET,GBP,51.55,17.18333333,,,,,,,,,,,,
Assura,ORDER,2023-02-03T08:58:30.504Z,GBP,49.74,BUY,AGR,GB00BVGBWW93,0.56238636,0.25,88.00000000,London Stock Exchange,XDNB3T2Z1PDM,MARKET,GBP,49.49,0.56238636,,,,,,,,,,,,
Sirius Real Estate,ORDER,2023-02-03T08:55:29.804Z,GBP,62.14,SELL,SRE,GG00B1W3VF54,0.88771429,0.00,70.00000000,London Stock Exchange,I2SAQY45GXJE,MARKET,GBP,62.14,0.88771429,,,,,,,,,,,,
January Statement,MONTHLY_STATEMENT,2023-02-01T00:00:00.000Z,,,,,,,,,,,,,,,,,,,,,,,,,,
Dotdigital,DIVIDEND,2023-01-31T17:49:00.000Z,GBP,0.12,,DOTD,GB00B3W40C23,,,13.00000000,,,,GBP,,,,,,,2023-01-12,2023-01-31,13.00000000,0.00980000,,,0,0.00
DS Smith,DIVIDEND,2023-01-31T16:11:00.000Z,GBP,0.72,,SMDS,GB0008220112,,,12.00000000,,,,GBP,,,,,,,2022-12-15,2023-01-31,12.00000000,0.06000000,,,0,0.00
ITM Power,ORDER,2023-01-30T08:42:31.590Z,GBP,29.96,BUY,ITM,GB00B0130H42,0.85600000,0.00,35.00000000,London Stock Exchange - Aim MTF,6WF55XZ4E9YR,MARKET,GBP,29.96,0.85600000,,,,,,,,,,,,
Dr. Martens,ORDER,2023-01-27T08:34:02.977Z,GBP,39.37,BUY,DOCS,GB00BL6NGV24,1.45074074,0.20,27.00000000,London Stock Exchange,GPP0ZJ25AEHO,MARKET,GBP,39.17,1.45074074,,,,,,,,,,,,
Smart Metering Systems,DIVIDEND,2023-01-26T18:36:00.000Z,GBP,0.45,,SMS,GB00B4X1RC86,,,6.00000000,,,,GBP,,,,,,,2023-01-05,2023-01-26,6.00000000,0.07562500,,,0,0.00
Glencore,ORDER,2023-01-26T13:36:09.276Z,GBP,55.29,BUY,GLEN,JE00B4T3BW64,5.52900000,0.00,10.00000000,London Stock Exchange,CY40FZQIJ5H0,MARKET,GBP,55.29,5.52900000,,,,,,,,,,,,
Diploma,ORDER,2023-01-26T13:35:28.931Z,GBP,54.86,BUY,DPLM,GB0001826634,27.29500000,0.27,2.00000000,London Stock Exchange,UUUX9GIE9AEQ,MARKET,GBP,54.59,27.29500000,,,,,,,,,,,,
Hercules Site,ORDER,2023-01-26T12:59:30.842Z,GBP,56.18,SELL,HERC,GB00BPVBVZ82,0.53000000,0.00,106.00000000,London Stock Exchange - Aim MTF,SK0HJ20QPVA6,MARKET,GBP,56.18,0.53000000,,,,,,,,,,,,
Rolls-Royce,ORDER,2023-01-26T12:58:52.867Z,GBP,60.54,SELL,RR.,GB00B63H8491,1.14226415,0.00,53.00000000,London Stock Exchange,MCL4418NGGJ5,MARKET,GBP,60.54,1.14226415,,,,,,,,,,,,
MoneySuper,ORDER,2023-01-26T12:58:29.421Z,GBP,62.22,SELL,MONY,GB00B1ZBKY84,2.22214286,0.00,28.00000000,London Stock Exchange,TUGQIUKFJTZF,MARKET,GBP,62.22,2.22214286,,,,,,,,,,,,
3i,ORDER,2023-01-26T12:58:07.865Z,GBP,78.95,SELL,III,GB00B1YW4409,15.79000000,0.00,5.00000000,London Stock Exchange,H1O9IBXDX5I6,MARKET,GBP,78.95,15.79000000,,,,,,,,,,,,
Anglo American,ORDER,2023-01-26T12:57:44.994Z,GBP,72.35,SELL,AAL,GB00B1XZS820,36.17500000,0.00,2.00000000,London Stock Exchange,WMRUKU2GSZP3,MARKET,GBP,72.35,36.17500000,,,,,,,,,,,,
Home REIT,PROPERTY,2023-01-20T13:05:00.000Z,GBP,0.60,,HOME,GB00BJP5HK17,,,55.00000000,,,,GBP,,,,,,,2022-12-22,2023-01-20,55.00000000,0.01380000,,,20,0.15
Sirius Real Estate,DIVIDEND,2023-01-19T16:18:00.000Z,GBP,1.64,,SRE,GG00B1W3VF54,,,70.00000000,,,,GBP,,,,,,,2022-12-08,2023-01-19,70.00000000,0.02350000,,,0,0.00
Advanced Medical Solutions,ORDER,2023-01-18T12:11:21.231Z,GBP,49.36,BUY,AMS,GB0004536594,2.46800000,0.00,20.00000000,London Stock Exchange - Aim MTF,7GHBDN6R7E7L,MARKET,GBP,49.36,2.46800000,,,,,,,,,,,,
Watches Of Switzerland,ORDER,2023-01-16T13:45:10.075Z,GBP,49.94,SELL,WOSG,GB00BJDQQ870,9.98800000,0.00,5.00000000,London Stock Exchange,91AATRHCWPH9,MARKET,GBP,49.94,9.98800000,,,,,,,,,,,,
Alpha Group,ORDER,2023-01-11T16:18:29.791Z,GBP,57.00,BUY,ALPH,GB00BF1TM596,19.00000000,0.00,3.00000000,London Stock Exchange - Aim MTF,CSRE12RNQ3GV,MARKET,GBP,57.00,19.00000000,,,,,,,,,,,,
3i,DIVIDEND,2023-01-11T16:07:00.000Z,GBP,1.16,,III,GB00B1YW4409,,,5.00000000,,,,GBP,,,,,,,2022-12-01,2023-01-11,5.00000000,0.23250000,,,0,0.00
National Grid,DIVIDEND,2023-01-11T13:25:00.000Z,GBP,0.35,,NG.,GB00BDR05C01,,,2.00000000,,,,GBP,,,,,,,2022-11-24,2023-01-11,2.00000000,0.17840000,,,0,0.00
JD Sports,DIVIDEND,2023-01-06T16:36:00.000Z,GBP,0.03,,JD.,GB00BM8Q5M07,,,25.00000000,,,,GBP,,,,,,,2022-12-08,2023-01-06,25.00000000,0.00130000,,,0,0.00
Halma,ORDER,2023-01-05T16:21:55.458Z,GBP,41.41,BUY,HLMA,GB0004052071,20.60000000,0.21,2.00000000,London Stock Exchange,8AEP6GLTPFF1,MARKET,GBP,41.20,20.60000000,,,,,,,,,,,,
Central Asia Metals,ORDER,2023-01-05T11:09:24.684Z,GBP,65.11,SELL,CAML,GB00B67KBV28,2.60440000,0.00,25.00000000,London Stock Exchange - Aim MTF,ULX75VL3O7HJ,MARKET,GBP,65.11,2.60440000,,,,,,,,,,,,
Fresnillo,ORDER,2023-01-05T11:08:40.344Z,GBP,58.19,SELL,FRES,GB00B2QPKJ12,9.69833333,0.00,6.00000000,London Stock Exchange,MCUUR19T01ZF,MARKET,GBP,58.19,9.69833333,,,,,,,,,,,,
Tate & Lyle,DIVIDEND,2023-01-04T18:06:00.000Z,GBP,0.32,,TATE,GB00BP92CJ43,,,6.00000000,,,,GBP,,,,,,,2022-11-24,2023-01-04,6.00000000,0.05400000,,,0,0.00
Landsec,PROPERTY,2023-01-03T23:03:00.000Z,GBP,0.64,,LAND,GB00BYW0PQ60,,,9.00000000,,,,GBP,,,,,,,2022-11-24,2023-01-03,9.00000000,0.09000000,,,20,0.17
Hercules Site,ORDER,2023-01-03T14:02:26.490Z,GBP,49.61,BUY,HERC,GB00BPVBVZ82,0.46801887,0.00,106.00000000,London Stock Exchange - Aim MTF,6DCQLOE3XGVD,MARKET,GBP,49.61,0.46801887,,,,,,,,,,,,
Landsec,ORDER,2023-01-03T13:54:58.431Z,GBP,57.86,SELL,LAND,GB00BYW0PQ60,6.42888889,0.00,9.00000000,London Stock Exchange,6V9GMJKMYRCW,MARKET,GBP,57.86,6.42888889,,,,,,,,,,,,
Metro Bank,ORDER,2023-01-03T13:52:25.360Z,GBP,21.32,SELL,MTRO,GB00BZ6STL67,1.25411765,0.00,17.00000000,London Stock Exchange,2NHFPSYIYFUW,MARKET,GBP,21.32,1.25411765,,,,,,,,,,,,
December Statement,MONTHLY_STATEMENT,2023-01-01T00:00:00.000Z,,,,,,,,,,,,,,,,,,,,,,,,,,
UK Dividend,DIVIDEND,2022-12-30T21:30:00.000Z,GBP,0.12,,IUKD,IE00B0M63060,,,2.00000000,,,,GBP,,,,,,,2022-12-15,2022-12-30,2.00000000,0.06190000,,,0,0.00
Renewables Infrastructure,DIVIDEND,2022-12-30T16:16:00.000Z,GBP,0.25,,TRIG,GG00BBHX2H91,,,15.00000000,,,,GBP,,,,,,,2022-11-17,2022-12-30,15.00000000,0.01710000,,,0,0.00
Fallen Angels,DIVIDEND,2022-12-30T13:33:00.000Z,GBP,0.21,,WIGG,IE00BDFK1680,,,2.00000000,,,,GBP,,,,,,,2022-12-15,2022-12-30,2.00000000,0.10500000,,,0,0.00
FTSE EM,DIVIDEND,2022-12-28T17:45:00.000Z,GBP,0.19,,VFEM,IE00B3VVMM84,,,1.00000000,,,,USD,,,,0.82704400,0,0.00,2022-12-15,2022-12-28,1.00000000,0.23619400,0.23,0.23,0,0.00
Softcat,DIVIDEND,2022-12-19T23:19:00.000Z,GBP,0.33,,SCT,GB00BYZDVK82,,,2.00000000,,,,GBP,,,,,,,2022-11-10,2022-12-19,2.00000000,0.16600000,,,0,0.00
Softcat,SPECIAL_DIVIDEND,2022-12-19T02:22:00.000Z,GBP,0.25,,SCT,GB00BYZDVK82,,,2.00000000,,,,GBP,,,,,,,2022-11-10,2022-12-19,2.00000000,0.12600000,,,0,0.00
B&M Retail Value,DIVIDEND,2022-12-16T13:49:00.000Z,GBP,0.38,,BME,LU1072616219,,,9.00000000,,,,GBP,,,,,,,2022-11-17,2022-12-16,9.00000000,0.05000000,,,15,0.07
Volex,DIVIDEND,2022-12-16T00:03:00.000Z,GBP,0.18,,VLX,GB0009390070,,,14.00000000,,,,GBP,,,,,,,2022-11-17,2022-12-16,14.00000000,0.01300000,,,0,0.00
Smaller Companies,DIVIDEND,2022-12-09T16:52:00.000Z,GBP,0.29,,BRSC,GB0006436108,,,2.00000000,,,,GBP,,,,,,,2022-11-10,2022-12-09,2.00000000,0.14500000,,,0,0.00
BHP,ORDER,2022-12-06T11:23:25.347Z,GBP,77.17,SELL,BHP,AU000000BHP4,25.72333333,0.00,3.00000000,London Stock Exchange,XTT488G07FH0,MARKET,GBP,77.17,25.72333333,,,,,,,,,,,,
Dunelm Group,DIVIDEND,2022-12-05T11:58:00.000Z,GBP,1.04,,DNLM,GB00B1CKQ739,,,4.00000000,,,,GBP,,,,,,,2022-11-10,2022-12-05,4.00000000,0.26000000,,,0,0.00
November Statement,MONTHLY_STATEMENT,2022-12-01T00:00:00.000Z,,,,,,,,,,,,,,,,,,,,,,,,,,
BAE Systems,DIVIDEND,2022-11-30T12:48:00.000Z,GBP,0.72,,BA.,GB0002634946,,,7.00000000,,,,GBP,,,,,,,2022-10-20,2022-11-30,7.00000000,0.10400000,,,0,0.00
Airtel Africa,DIVIDEND,2022-11-28T17:07:00.000Z,GBP,0.50,,AAF,GB00BKDRYJ47,,,27.00000000,,,,GBP,,,,,,,2022-11-10,2022-11-28,27.00000000,0.01886136,,,0,0.00
ITV,DIVIDEND,2022-11-28T16:33:00.000Z,GBP,0.73,,ITV,GB0033986497,,,43.00000000,,,,GBP,,,,,,,2022-10-20,2022-11-28,43.00000000,0.01700000,,,0,0.00
Greencoat UK,DIVIDEND,2022-11-25T16:52:00.000Z,GBP,0.25,,UKW,GB00B8SC6K54,,,13.00000000,,,,GBP,,,,,,,2022-11-10,2022-11-25,13.00000000,0.01930000,,,0,0.00
Foresight Solar,DIVIDEND,2022-11-25T16:41:00.000Z,GBP,0.24,,FSFL,JE00BD3QJR55,,,14.00000000,,,,GBP,,,,,,,2022-10-27,2022-11-25,14.00000000,0.01780000,,,0,0.00
Tesco,DIVIDEND,2022-11-25T16:38:00.000Z,GBP,0.69,,TSCO,GB00BLGZ9862,,,18.00000000,,,,GBP,,,,,,,2022-10-13,2022-11-25,18.00000000,0.03850000,,,0,0.00
Accesso Technology,ORDER,2022-11-24T10:12:39.603Z,GBP,69.75,SELL,ACSO,GB0001771426,7.75000000,0.00,9.00000000,London Stock Exchange - Aim MTF,XAW8Q1KH7F3Q,MARKET,GBP,69.75,7.75000000,,,,,,,,,,,,
Coats Group,DIVIDEND,2022-11-16T18:20:00.000Z,GBP,0.42,,COA,GB00B4YZN328,,,69.00000000,,,,GBP,,,,,,,2022-10-20,2022-11-16,69.00000000,0.00609520,,,0,0.00
Redrow,DIVIDEND,2022-11-16T17:46:00.000Z,GBP,1.54,,RDW,GB00BG11K365,,,7.00000000,,,,GBP,,,,,,,2022-09-22,2022-11-16,7.00000000,0.22000000,,,0,0.00
Advanced Medical Solutions,ORDER,2022-11-02T13:06:12.681Z,GBP,60.05,SELL,AMS,GB0004536594,2.72954545,0.00,22.00000000,London Stock Exchange - Aim MTF,W1BGNWUTGEYO,MARKET,GBP,60.05,2.72954545,,,,,,,,,,,,
AB Dynamics,ORDER,2022-11-02T13:04:49.459Z,GBP,49.83,SELL,ABDP,GB00B9GQVG73,16.61000000,0.00,3.00000000,London Stock Exchange - Aim MTF,8WG7UYLT1BE9,MARKET,GBP,49.83,16.61000000,,,,,,,,,,,,
DS Smith,DIVIDEND,2022-11-01T17:31:00.000Z,GBP,1.22,,SMDS,GB0008220112,,,12.00000000,,,,GBP,,,,,,,2022-10-06,2022-11-01,12.00000000,0.10200000,,,0,0.00
October Statement,MONTHLY_STATEMENT,2022-11-01T00:00:00.000Z,,,,,,,,,,,,,,,,,,,,,,,,,,
Unite Students,PROPERTY,2022-10-28T15:04:00.000Z,GBP,0.44,,UTG,GB0006928617,,,5.00000000,,,,GBP,,,,,,,2022-09-15,2022-10-28,5.00000000,0.11000000,,,20,0.11
Smart Metering Systems,DIVIDEND,2022-10-28T12:47:00.000Z,GBP,0.45,,SMS,GB00B4X1RC86,,,6.00000000,,,,GBP,,,,,,,2022-10-06,2022-10-28,6.00000000,0.07562500,,,0,0.00
Learning Tech,DIVIDEND,2022-10-27T15:08:00.000Z,GBP,0.10,,LTG,GB00B4T7HX10,,,23.00000000,,,,GBP,,,,,,,2022-10-06,2022-10-27,23.00000000,0.00450000,,,0,0.00
Fever Tree,DIVIDEND,2022-10-21T17:51:00.000Z,GBP,0.16,,FEVR,GB00BRJ9BJ26,,,3.00000000,,,,GBP,,,,,,,2022-09-29,2022-10-21,3.00000000,0.05630000,,,0,0.00
MoneySuper,ORDER,2022-10-21T15:16:52.288Z,GBP,48.48,BUY,MONY,GB00B1ZBKY84,1.72285714,0.24,28.00000000,London Stock Exchange,JJTIKTWKX5RP,MARKET,GBP,48.24,1.72285714,,,,,,,,,,,,
Top up,TOP_UP,2022-10-21T15:16:22.968Z,GBP,50.00,,,,,,,,,,,,,,,,,,,,,,,,
Home REIT,ORDER,2022-10-19T10:04:05.868Z,GBP,11.61,BUY,HOME,GB00BJP5HK17,0.88846154,0.06,13.00000000,London Stock Exchange,9CQPM3N6KW1F,MARKET,GBP,11.55,0.88846154,,,,,,,,,,,,
Landsec,ORDER,2022-10-19T07:44:55.437Z,GBP,41.95,BUY,LAND,GB00BYW0PQ60,5.21750000,0.21,8.00000000,London Stock Exchange,PXWXMGNPPD37,MARKET,GBP,41.74,5.21750000,,,,,,,,,,,,
BAE Systems,ORDER,2022-10-18T09:19:22.880Z,GBP,55.28,BUY,BA.,GB0002634946,7.85714286,0.28,7.00000000,London Stock Exchange,RYOA0DX6FFUG,MARKET,GBP,55.00,7.85714286,,,,,,,,,,,,
Top up,TOP_UP,2022-10-18T09:18:20.209Z,GBP,50.00,,,,,,,,,,,,,,,,,,,,,,,,
Top up,TOP_UP,2022-10-18T09:17:50.718Z,GBP,50.00,,,,,,,,,,,,,,,,,,,,,,,,
Landsec,PROPERTY,2022-10-07T16:10:00.000Z,GBP,0.06,,LAND,GB00BYW0PQ60,,,1.00000000,,,,GBP,,,,,,,2022-08-25,2022-10-07,1.00000000,0.08600000,,,20,0.02
Advanced Medical Solutions,ORDER,2022-10-03T09:08:09.480Z,GBP,52.40,BUY,AMS,GB0004536594,2.38181818,0.00,22.00000000,London Stock Exchange - Aim MTF,JFZHGWKCPVXX,MARKET,GBP,52.40,2.38181818,,,,,,,,,,,,
Top up,TOP_UP,2022-10-03T09:07:21.245Z,GBP,50.00,,,,,,,,,,,,,,,,,,,,,,,,
September Statement,MONTHLY_STATEMENT,2022-10-01T00:00:00.000Z,,,,,,,,,,,,,,,,,,,,,,,,,,
Renewables Infrastructure,DIVIDEND,2022-09-30T20:28:00.000Z,GBP,0.25,,TRIG,GG00BBHX2H91,,,15.00000000,,,,GBP,,,,,,,2022-08-11,2022-09-30,15.00000000,0.01710000,,,0,0.00
Central Asia Metals,ORDER,2022-09-30T11:01:44.422Z,GBP,54.20,BUY,CAML,GB00B67KBV28,2.16800000,0.00,25.00000000,London Stock Exchange - Aim MTF,DWTOYQYW99EN,MARKET,GBP,54.20,2.16800000,,,,,,,,,,,,
Top up,TOP_UP,2022-09-30T11:01:03.984Z,GBP,50.00,,,,,,,,,,,,,,,,,,,,,,,,
M&G,DIVIDEND,2022-09-29T17:01:00.000Z,GBP,1.42,,MNG,GB00BKFB1C65,,,23.00000000,,,,GBP,,,,,,,2022-08-18,2022-09-29,23.00000000,0.06200000,,,0,0.00
FTSE EM,DIVIDEND,2022-09-28T23:22:00.000Z,GBP,0.68,,VFEM,IE00B3VVMM84,,,1.00000000,,,,USD,,,,0.93520699,0,0.00,2022-09-15,2022-09-28,1.00000000,0.73763200,0.74,0.74,0,0.00
UK Dividend,DIVIDEND,2022-09-28T17:59:00.000Z,GBP,0.29,,IUKD,IE00B0M63060,,,2.00000000,,,,GBP,,,,,,,2022-09-15,2022-09-28,2.00000000,0.14970000,,,0,0.00
Accesso Technology,ORDER,2022-09-26T09:51:53.149Z,GBP,52.35,BUY,ACSO,GB0001771426,5.81666667,0.00,9.00000000,London Stock Exchange - Aim MTF,U4SY64DKF0XM,MARKET,GBP,52.35,5.81666667,,,,,,,,,,,,
Smart Metering Systems,ORDER,2022-09-26T09:51:00.402Z,GBP,47.99,BUY,SMS,GB00B4X1RC86,7.99833333,0.00,6.00000000,London Stock Exchange - Aim MTF,HXJGEF9NOMGI,MARKET,GBP,47.99,7.99833333,,,,,,,,,,,,
Sirius Real Estate,ORDER,2022-09-26T09:50:21.353Z,GBP,49.44,BUY,SRE,GG00B1W3VF54,0.70628571,0.00,70.00000000,London Stock Exchange,6A23OEO03PS1,MARKET,GBP,49.44,0.70628571,,,,,,,,,,,,
Top up,TOP_UP,2022-09-26T09:49:49.424Z,GBP,150.00,,,,,,,,,,,,,,,,,,,,,,,,
LSE,DIVIDEND,2022-09-20T13:28:00.000Z,GBP,0.31,,LSEG,GB00B0SWJX34,,,1.00000000,,,,GBP,,,,,,,2022-08-18,2022-09-20,1.00000000,0.31700000,,,0,0.00
Fresnillo,DIVIDEND,2022-09-14T17:29:00.000Z,GBP,0.15,,FRES,GB00B2QPKJ12,,,6.00000000,,,,GBP,,,,,,,2022-08-11,2022-09-14,6.00000000,0.02814300,,,10,0.01
Lloyds,DIVIDEND,2022-09-12T12:37:00.000Z,GBP,0.68,,LLOY,GB0008706128,,,85.00000000,,,,GBP,,,,,,,2022-08-04,2022-09-12,85.00000000,0.00800000,,,0,0.00
Direct Line,DIVIDEND,2022-09-09T17:30:00.000Z,GBP,0.15,,DLG,GB00BY9D0Y18,,,2.00000000,,,,GBP,,,,,,,2022-08-11,2022-09-09,2.00000000,0.07600000,,,0,0.00
Home REIT,PROPERTY,2022-09-09T16:14:00.000Z,GBP,0.46,,HOME,GB00BJP5HK17,,,42.00000000,,,,GBP,,,,,,,2022-08-11,2022-09-09,42.00000000,0.01380000,,,20,0.11
Volex,ORDER,2022-09-09T10:32:38.032Z,GBP,39.85,BUY,VLX,GB0009390070,2.84642857,0.00,14.00000000,London Stock Exchange - Aim MTF,KIY7ZQDOZ7TH,MARKET,GBP,39.85,2.84642857,,,,,,,,,,,,
3i,ORDER,2022-09-09T10:31:24.513Z,GBP,59.12,BUY,III,GB00B1YW4409,11.76600000,0.29,5.00000000,London Stock Exchange,65Z24YSYW4S9,MARKET,GBP,58.83,11.76600000,,,,,,,,,,,,
Top up,TOP_UP,2022-09-09T10:28:57.251Z,GBP,100.00,,,,,,,,,,,,,,,,,,,,,,,,
Royal Mail,DIVIDEND,2022-09-06T16:33:00.000Z,GBP,1.06,,IDS,GB00BDVZYZ77,,,8.00000000,,,,GBP,,,,,,,2022-07-28,2022-09-06,8.00000000,0.13300000,,,0,0.00
Pennon Group,DIVIDEND,2022-09-05T08:58:00.000Z,GBP,0.53,,PNN,GB00BNNTLN49,,,2.00000000,,,,GBP,,,,,,,2022-07-21,2022-09-05,2.00000000,0.26830000,,,0,0.00
IP Group,ORDER,2022-09-01T15:23:06.736Z,GBP,36.41,BUY,IPO,GB00B128J450,0.67092593,0.18,54.00000000,London Stock Exchange,2QL101158B16,MARKET,GBP,36.23,0.67092593,,,,,,,,,,,,
BHP,ORDER,2022-09-01T15:22:32.747Z,GBP,64.64,BUY,BHP,AU000000BHP4,21.54666667,0.00,3.00000000,London Stock Exchange,R5UR470803EY,MARKET,GBP,64.64,21.54666667,,,,,,,,,,,,
Top up,TOP_UP,2022-09-01T15:20:59.897Z,GBP,100.00,,,,,,,,,,,,,,,,,,,,,,,,
August Statement,MONTHLY_STATEMENT,2022-09-01T00:00:00.000Z,,,,,,,,,,,,,,,,,,,,,,,,,,
Pod Point ,ORDER,2022-08-30T15:18:55.636Z,GBP,53.29,BUY,PODP,GB00BNDRD100,0.80333333,0.27,66.00000000,London Stock Exchange,0TUYVNYPOADD,MARKET,GBP,53.02,0.80333333,,,,,,,,,,,,
Top up,TOP_UP,2022-08-30T15:18:14.340Z,GBP,50.00,,,,,,,,,,,,,,,,,,,,,,,,
Anglo American,ORDER,2022-08-30T08:56:13.053Z,GBP,58.10,BUY,AAL,GB00B1XZS820,28.90500000,0.29,2.00000000,London Stock Exchange,3829F5TW075X,MARKET,GBP,57.81,28.90500000,,,,,,,,,,,,
AB Dynamics,ORDER,2022-08-30T08:55:05.578Z,GBP,39.83,BUY,ABDP,GB00B9GQVG73,13.27666667,0.00,3.00000000,London Stock Exchange - Aim MTF,7OI3E2QKGKAQ,MARKET,GBP,39.83,13.27666667,,,,,,,,,,,,
Top up,TOP_UP,2022-08-30T08:54:13.872Z,GBP,100.00,,,,,,,,,,,,,,,,,,,,,,,,
Hotel Chocolat,ORDER,2022-08-30T07:51:24.916Z,GBP,54.40,BUY,HOTC,GB00BYZC3B04,1.36000000,0.00,40.00000000,London Stock Exchange - Aim MTF,5OI9XKRJIJUM,MARKET,GBP,54.40,1.36000000,,,,,,,,,,,,
Top up,TOP_UP,2022-08-30T07:50:45.570Z,GBP,40.00,,,,,,,,,,,,,,,,,,,,,,,,
Greencoat UK,DIVIDEND,2022-08-26T19:04:00.000Z,GBP,0.25,,UKW,GB00B8SC6K54,,,13.00000000,,,,GBP,,,,,,,2022-08-11,2022-08-26,13.00000000,0.01930000,,,0,0.00
Foresight Solar,DIVIDEND,2022-08-26T16:45:00.000Z,GBP,0.24,,FSFL,JE00BD3QJR55,,,14.00000000,,,,GBP,,,,,,,2022-07-21,2022-08-26,14.00000000,0.01780000,,,0,0.00
National Grid,DIVIDEND,2022-08-17T12:37:00.000Z,GBP,0.67,,NG.,GB00BDR05C01,,,2.00000000,,,,GBP,,,,,,,2022-06-01,2022-08-17,2.00000000,0.33760000,,,0,0.00
Tate & Lyle,DIVIDEND,2022-08-05T16:35:00.000Z,GBP,0.76,,TATE,GB00BP92CJ43,,,6.00000000,,,,GBP,,,,,,,2022-06-30,2022-08-05,6.00000000,0.12800000,,,0,0.00
B&M Retail Value,DIVIDEND,2022-08-05T16:35:00.000Z,GBP,0.87,,BME,LU1072616219,,,9.00000000,,,,GBP,,,,,,,2022-06-30,2022-08-05,9.00000000,0.11500000,,,15,0.16
JD Sports,DIVIDEND,2022-08-05T12:35:00.000Z,GBP,0.08,,JD.,GB00BM8Q5M07,,,25.00000000,,,,GBP,,,,,,,2022-07-07,2022-08-05,25.00000000,0.00350000,,,0,0.00
GB,DIVIDEND,2022-08-03T11:20:00.000Z,GBP,0.22,,GBG,GB0006870611,,,6.00000000,,,,GBP,,,,,,,2022-06-23,2022-08-03,6.00000000,0.03810000,,,0,0.00
July Statement,MONTHLY_STATEMENT,2022-08-01T00:00:00.000Z,,,,,,,,,,,,,,,,,,,,,,,,,,
Landsec,PROPERTY,2022-07-22T09:15:00.000Z,GBP,0.10,,LAND,GB00BYW0PQ60,,,1.00000000,,,,GBP,,,,,,,2022-06-16,2022-07-22,1.00000000,0.13000000,,,20,0.03
Learning Tech,DIVIDEND,2022-07-21T21:15:00.000Z,GBP,0.16,,LTG,GB00B4T7HX10,,,23.00000000,,,,GBP,,,,,,,2022-06-30,2022-07-21,23.00000000,0.00700000,,,0,0.00
Airtel Africa,DIVIDEND,2022-07-11T16:07:00.000Z,GBP,0.66,,AAF,GB00BKDRYJ47,,,27.00000000,,,,GBP,,,,,,,2022-06-23,2022-07-11,27.00000000,0.02448900,,,0,0.00
June Statement,MONTHLY_STATEMENT,2022-07-01T00:00:00.000Z,,,,,,,,,,,,,,,,,,,,,,,,,,
Renewables Infrastructure,DIVIDEND,2022-06-30T19:12:00.000Z,GBP,0.25,,TRIG,GG00BBHX2H91,,,15.00000000,,,,GBP,,,,,,,2022-05-12,2022-06-30,15.00000000,0.01710000,,,0,0.00
FTSE EM,DIVIDEND,2022-06-29T18:55:00.000Z,GBP,0.51,,VFEM,IE00B3VVMM84,,,1.00000000,,,,USD,,,,0.82403800,0,0.00,2022-06-16,2022-06-29,1.00000000,0.62216400,0.62,0.62,0,0.00
Fallen Angels,DIVIDEND,2022-06-29T17:46:00.000Z,GBP,0.20,,WIGG,IE00BDFK1680,,,2.00000000,,,,GBP,,,,,,,2022-06-16,2022-06-29,2.00000000,0.10230000,,,0,0.00
UK Dividend,DIVIDEND,2022-06-29T17:27:00.000Z,GBP,0.37,,IUKD,IE00B0M63060,,,2.00000000,,,,GBP,,,,,,,2022-06-16,2022-06-29,2.00000000,0.18960000,,,0,0.00
Tesco,DIVIDEND,2022-06-24T17:10:00.000Z,GBP,1.38,,TSCO,GB00BLGZ9862,,,18.00000000,,,,GBP,,,,,,,2022-05-19,2022-06-24,18.00000000,0.07700000,,,0,0.00
Smaller Companies,DIVIDEND,2022-06-17T11:16:00.000Z,GBP,0.44,,BRSC,GB0006436108,,,2.00000000,,,,GBP,,,,,,,2022-05-12,2022-06-17,2.00000000,0.22000000,,,0,0.00
Dr. Martens,ORDER,2022-06-10T15:16:40.361Z,GBP,17.63,BUY,DOCS,GB00BL6NGV24,2.50571429,0.09,7.00000000,London Stock Exchange,EVQBZDL23802,MARKET,GBP,17.54,2.50571429,,,,,,,,,,,,
Airtel Africa,ORDER,2022-06-10T15:16:00.993Z,GBP,39.40,BUY,AAF,GB00BKDRYJ47,1.45185185,0.20,27.00000000,London Stock Exchange,6KZBSS61M72P,MARKET,GBP,39.20,1.45185185,,,,,,,,,,,,
ITM Power,ORDER,2022-06-10T15:10:31.049Z,GBP,48.34,BUY,ITM,GB00B0130H42,2.30190476,0.00,21.00000000,London Stock Exchange - Aim MTF,BM6PFYPSNIEJ,MARKET,GBP,48.34,2.30190476,,,,,,,,,,,,
Top up,TOP_UP,2022-06-10T15:08:21.737Z,GBP,100.00,,,,,,,,,,,,,,,,,,,,,,,,
May Statement,MONTHLY_STATEMENT,2022-06-01T00:00:00.000Z,,,,,,,,,,,,,,,,,,,,,,,,,,
Foresight Solar,DIVIDEND,2022-05-27T18:35:00.000Z,GBP,0.24,,FSFL,JE00BD3QJR55,,,14.00000000,,,,GBP,,,,,,,2022-04-21,2022-05-27,14.00000000,0.01745000,,,0,0.00
Greencoat UK,DIVIDEND,2022-05-27T17:22:00.000Z,GBP,0.25,,UKW,GB00B8SC6K54,,,13.00000000,,,,GBP,,,,,,,2022-05-12,2022-05-27,13.00000000,0.01930000,,,0,0.00
Fresnillo,DIVIDEND,2022-05-27T12:01:00.000Z,GBP,1.03,,FRES,GB00B2QPKJ12,,,6.00000000,,,,GBP,,,,,,,2022-04-28,2022-05-27,6.00000000,0.17260740,,,0,0.00
LSE,ORDER,2022-05-27T07:33:51.418Z,GBP,74.39,BUY,LSEG,GB00B0SWJX34,74.02000000,0.37,1.00000000,London Stock Exchange,59HQ77CFEQQX,MARKET,GBP,74.02,74.02000000,,,,,,,,,,,,
Top up,TOP_UP,2022-05-27T07:33:24.514Z,GBP,25.00,,,,,,,,,,,,,,,,,,,,,,,,
Top up,TOP_UP,2022-05-27T07:31:54.813Z,GBP,50.00,,,,,,,,,,,,,,,,,,,,,,,,
ITV,DIVIDEND,2022-05-26T14:27:00.000Z,GBP,1.41,,ITV,GB0033986497,,,43.00000000,,,,GBP,,,,,,,2022-04-14,2022-05-26,43.00000000,0.03300000,,,0,0.00
Altri,DIVIDEND,2022-05-25T12:55:00.000Z,GBP,1.05,,ALTRu,PTALT0AE0002,,,8.00000000,,,,EUR,,,,0.84910000,0,0.00,2022-05-17,2022-05-25,8.00000000,0.24000000,1.92,1.25,35,0.67
Coats Group,DIVIDEND,2022-05-25T11:26:00.000Z,GBP,0.83,,COA,GB00B4YZN328,,,69.00000000,,,,GBP,,,,,,,2022-04-28,2022-05-25,69.00000000,0.01213160,,,0,0.00
Adobe,ORDER,2022-05-20T16:55:10.711Z,GBP,41.95,BUY,ADBE,US00724F1012,310.81051209,0.00,0.13435839,Drivewealth,FGSOCK6JY3WQ,MARKET,USD,52.08,387.62000000,1.24168715,1.24730000,45,0.19,,,,,,,,
Unite Students,DIVIDEND,2022-05-20T14:02:00.000Z,GBP,0.62,,UTG,GB0006928617,,,5.00000000,,,,GBP,,,,,,,2022-04-14,2022-05-20,5.00000000,0.15600000,,,20,0.16
Home REIT,ORDER,2022-05-20T09:16:48.899Z,GBP,49.56,BUY,HOME,GB00BJP5HK17,1.17404762,0.25,42.00000000,London Stock Exchange,8MQMUEGOYGWY,MARKET,GBP,49.31,1.17404762,,,,,,,,,,,,
Watches Of Switzerland,ORDER,2022-05-20T09:16:16.419Z,GBP,45.98,BUY,WOSG,GB00BJDQQ870,9.15000000,0.23,5.00000000,London Stock Exchange,81PFC9847QCL,MARKET,GBP,45.75,9.15000000,,,,,,,,,,,,
Lloyds,DIVIDEND,2022-05-19T16:27:00.000Z,GBP,1.13,,LLOY,GB0008706128,,,85.00000000,,,,GBP,,,,,,,2022-04-07,2022-05-19,85.00000000,0.01330000,,,0,0.00
Ideagen,ORDER,2022-05-18T07:14:34.761Z,GBP,67.41,SELL,IDEA,GB00B0CM0C50,3.54789474,0.00,19.00000000,London Stock Exchange - Aim MTF,0TJF89X7VWKZ,MARKET,GBP,67.41,3.54789474,,,,,,,,,,,,
Direct Line,DIVIDEND,2022-05-17T15:50:00.000Z,GBP,0.30,,DLG,GB00BY9D0Y18,,,2.00000000,,,,GBP,,,,,,,2022-04-07,2022-05-17,2.00000000,0.15100000,,,0,0.00
Puma,DIVIDEND,2022-05-16T12:00:00.000Z,GBP,0.44,,PUMd,DE0006969603,,,1.00000000,,,,EUR,,,,0.84340000,0,0.00,2022-05-12,2022-05-16,1.00000000,0.72000000,0.72,0.53,26,0.19
Tate & Lyle,SPECIAL_DIVIDEND,2022-05-16T00:55:00.000Z,GBP,7.49,,TATE,GB0008754136,,,7.00000000,,,,GBP,,,,,,,2022-05-03,2022-05-16,7.00000000,1.07000000,,,0,0.00
Softcat,DIVIDEND,2022-05-13T12:35:00.000Z,GBP,0.14,,SCT,GB00BYZDVK82,,,2.00000000,,,,GBP,,,,,,,2022-04-07,2022-05-13,2.00000000,0.07300000,,,0,0.00
Pod Point ,ORDER,2022-05-04T09:55:30.576Z,GBP,59.78,SELL,PODP,GB00BNDRD100,2.06137931,0.00,29.00000000,London Stock Exchange,VB4YPOHTVOOT,MARKET,GBP,59.78,2.06137931,,,,,,,,,,,,
DS Smith,DIVIDEND,2022-05-03T16:00:00.000Z,GBP,0.57,,SMDS,GB0008220112,,,12.00000000,,,,GBP,,,,,,,2022-04-07,2022-05-03,12.00000000,0.04800000,,,0,0.00
April Statement,MONTHLY_STATEMENT,2022-05-01T00:00:00.000Z,,,,,,,,,,,,,,,,,,,,,,,,,,
Vietnam Enterprise,ORDER,2022-04-25T08:03:13.170Z,GBP,49.63,BUY,VEIL,KYG9361H1092,7.09000000,0.00,7.00000000,London Stock Exchange,NNBVMI4JLV4H,MARKET,GBP,49.63,7.09000000,,,,,,,,,,,,
Top up,TOP_UP,2022-04-25T08:02:46.595Z,GBP,50.00,,,,,,,,,,,,,,,,,,,,,,,,
Coats Group,ORDER,2022-04-19T08:42:08.059Z,GBP,49.93,BUY,COA,GB00B4YZN328,0.72000000,0.25,69.00000000,London Stock Exchange,KQ2UOTFP97T3,MARKET,GBP,49.68,0.72000000,,,,,,,,,,,,
Top up,TOP_UP,2022-04-19T07:08:05.685Z,GBP,50.00,,,,,,,,,,,,,,,,,,,,,,,,
Gogoro,ORDER,2022-04-14T14:19:06.122Z,GBP,48.93,BUY,GGR,KYG9491K1058,7.74513539,0.00,6.28910891,Multiple,PYX5CDWOFP0R,BASIC,USD,63.52,10.10000000,1.29820169,1.30407000,45,0.22,,,,,,,,
Rolls-Royce,ORDER,2022-04-14T13:10:43.658Z,GBP,49.08,BUY,RR.,GB00B63H8491,0.92150943,0.24,53.00000000,London Stock Exchange,3DZ33IK1D9HN,MARKET,GBP,48.84,0.92150943,,,,,,,,,,,,
Fever Tree,ORDER,2022-04-14T13:10:12.453Z,GBP,53.18,BUY,FEVR,GB00BRJ9BJ26,17.72666667,0.00,3.00000000,London Stock Exchange - Aim MTF,Q49H15LZM3FS,MARKET,GBP,53.18,17.72666667,,,,,,,,,,,,
MSCI Emerging Mkts,ORDER,2022-04-14T13:09:15.052Z,GBP,57.71,BUY,SEMA,IE00B4L5YC18,28.85500000,0.00,2.00000000,London Stock Exchange,9XMU38ZV8W3Z,MARKET,GBP,57.71,28.85500000,,,,,,,,,,,,
Top up,TOP_UP,2022-04-14T13:08:44.874Z,GBP,200.00,,,,,,,,,,,,,,,,,,,,,,,,
Dunelm Group,DIVIDEND,2022-04-08T15:50:00.000Z,GBP,0.56,,DNLM,GB00B1CKQ739,,,4.00000000,,,,GBP,,,,,,,2022-03-17,2022-04-08,4.00000000,0.14000000,,,0,0.00
Altri,ORDER,2022-04-08T09:06:05.977Z,GBP,44.14,BUY,ALTRu,PTALT0AE0002,5.49250000,0.00,8.00000000,Boerse Berlin Equiduct Trading,2AQD8O1LA85F,MARKET,EUR,52.68,6.58500000,1.19364532,1.19904100,45,0.20,,,,,,,,
M&G,ORDER,2022-04-08T07:29:54.549Z,GBP,49.04,BUY,MNG,GB00BKFB1C65,2.12173913,0.24,23.00000000,London Stock Exchange,JU5R5P2FJ015,MARKET,GBP,48.80,2.12173913,,,,,,,,,,,,
Top up,TOP_UP,2022-04-08T07:27:50.842Z,GBP,100.00,,,,,,,,,,,,,,,,,,,,,,,,
Landsec,PROPERTY,2022-04-07T00:10:00.000Z,GBP,0.06,,LAND,GB00BYW0PQ60,,,1.00000000,,,,GBP,,,,,,,2022-03-10,2022-04-07,1.00000000,0.08500000,,,20,0.02
Pennon Group,DIVIDEND,2022-04-05T11:10:00.000Z,GBP,0.23,,PNN,GB00BNNTLN49,,,2.00000000,,,,GBP,,,,,,,2022-01-27,2022-04-05,2.00000000,0.11700000,,,0,0.00
Nordea Bank,DIVIDEND,2022-04-04T10:50:00.000Z,GBP,0.37,,NDAh,FI4000297767,,,1.00000000,,,,EUR,,,,0.83490000,0,0.00,2022-03-25,2022-04-04,1.00000000,0.69000000,0.69,0.45,35,0.24
March Statement,MONTHLY_STATEMENT,2022-04-01T00:00:00.000Z,,,,,,,,,,,,,,,,,,,,,,,,,,
Renewables Infrastructure,DIVIDEND,2022-03-31T18:55:00.000Z,GBP,0.25,,TRIG,GG00BBHX2H91,,,15.00000000,,,,GBP,,,,,,,2022-02-10,2022-03-31,15.00000000,0.01690000,,,0,0.00
FTSE EM,DIVIDEND,2022-03-30T22:00:00.000Z,GBP,0.11,,VFEM,IE00B3VVMM84,,,1.00000000,,,,USD,,,,0.75826300,0,0.00,2022-03-17,2022-03-30,1.00000000,0.14932400,0.15,0.15,0,0.00
UK Dividend,DIVIDEND,2022-03-30T08:00:00.000Z,GBP,0.09,,IUKD,IE00B0M63060,,,2.00000000,,,,GBP,,,,,,,2022-03-17,2022-03-30,2.00000000,0.04500000,,,0,0.00
Direct Line,ORDER,2022-03-18T08:27:06.213Z,GBP,5.62,BUY,DLG,GB00BY9D0Y18,2.79500000,0.03,2.00000000,London Stock Exchange,JNJY2PKWW8VL,MARKET,GBP,5.59,2.79500000,,,,,,,,,,,,
Fresnillo,ORDER,2022-03-18T08:25:03.423Z,GBP,44.31,BUY,FRES,GB00B2QPKJ12,7.34833333,0.22,6.00000000,London Stock Exchange,8K44346RJ3GW,MARKET,GBP,44.09,7.34833333,,,,,,,,,,,,
Ideagen,DIVIDEND,2022-03-17T19:55:00.000Z,GBP,0.02,,IDEA,GB00B0CM0C50,,,19.00000000,,,,GBP,,,,,,,2022-02-24,2022-03-17,19.00000000,0.00138000,,,0,0.00
Tesco,ORDER,2022-03-17T13:02:18.228Z,GBP,49.65,BUY,TSCO,GB00BLGZ9862,2.74444444,0.25,18.00000000,London Stock Exchange,EI4QNKN4W1CP,MARKET,GBP,49.40,2.74444444,,,,,,,,,,,,
Top up,TOP_UP,2022-03-14T16:12:07.867Z,GBP,50.00,,,,,,,,,,,,,,,,,,,,,,,,
Top up,TOP_UP,2022-03-14T16:08:51.819Z,GBP,50.00,,,,,,,,,,,,,,,,,,,,,,,,
B&M Retail Value,ORDER,2022-03-11T14:23:09.034Z,GBP,49.77,BUY,BME,LU1072616219,5.53000000,0.00,9.00000000,London Stock Exchange,W4N9N8DDBM5G,MARKET,GBP,49.77,5.53000000,,,,,,,,,,,,
Top up,TOP_UP,2022-03-11T08:18:40.683Z,GBP,50.00,,,,,,,,,,,,,,,,,,,,,,,,
Landsec,ORDER,2022-03-04T08:59:02.653Z,GBP,7.34,BUY,LAND,GB00BYW0PQ60,7.30000000,0.04,1.00000000,London Stock Exchange,MYUWBZSEG96V,MARKET,GBP,7.30,7.30000000,,,,,,,,,,,,
Unite Students,ORDER,2022-03-04T08:58:24.299Z,GBP,50.37,BUY,UTG,GB0006928617,10.02400000,0.25,5.00000000,London Stock Exchange,H2ZUATIOE5BZ,MARKET,GBP,50.12,10.02400000,,,,,,,,,,,,
Pod Point ,ORDER,2022-03-04T08:57:17.750Z,GBP,49.49,BUY,PODP,GB00BNDRD100,1.69793103,0.25,29.00000000,London Stock Exchange,FO3WAH959XG8,MARKET,GBP,49.24,1.69793103,,,,,,,,,,,,
Tate & Lyle,ORDER,2022-03-04T08:56:32.899Z,GBP,49.84,BUY,TATE,GB0008754136,7.08428571,0.25,7.00000000,London Stock Exchange,AURGQMH81O49,MARKET,GBP,49.59,7.08428571,,,,,,,,,,,,
Top up,TOP_UP,2022-03-04T08:56:04.906Z,GBP,150.00,,,,,,,,,,,,,,,,,,,,,,,,
Redrow,ORDER,2022-03-03T12:00:49.326Z,GBP,39.72,BUY,RDW,GB00BG11K365,5.64571429,0.20,7.00000000,London Stock Exchange,7S493NYZE23V,MARKET,GBP,39.52,5.64571429,,,,,,,,,,,,
ITM Power,ORDER,2022-03-01T10:07:11.036Z,GBP,42.72,SELL,ITM,GB00B0130H42,3.05142857,0.00,14.00000000,London Stock Exchange - Aim MTF,UKC31LBYUQ8K,BASIC,GBP,42.72,3.05142857,,,,,,,,,,,,
February Statement,MONTHLY_STATEMENT,2022-03-01T00:00:00.000Z,,,,,,,,,,,,,,,,,,,,,,,,,,
Foresight Solar,DIVIDEND,2022-02-28T12:20:00.000Z,GBP,0.24,,FSFL,JE00BD3QJR55,,,14.00000000,,,,GBP,,,,,,,2022-01-27,2022-02-28,14.00000000,0.01745000,,,0,0.00
Dunelm Group,ORDER,2022-02-25T10:07:08.418Z,GBP,47.80,BUY,DNLM,GB00B1CKQ739,11.89000000,0.24,4.00000000,London Stock Exchange,78IVP4O2ELGP,BASIC,GBP,47.56,11.89000000,,,,,,,,,,,,
Greencoat UK,DIVIDEND,2022-02-25T04:10:00.000Z,GBP,0.23,,UKW,GB00B8SC6K54,,,13.00000000,,,,GBP,,,,,,,2022-02-10,2022-02-25,13.00000000,0.01795000,,,0,0.00
Top up,TOP_UP,2022-02-24T22:45:34.249Z,GBP,50.00,,,,,,,,,,,,,,,,,,,,,,,,
Infineon Tech,DIVIDEND,2022-02-22T14:40:00.000Z,GBP,0.16,,IFXd,DE0006231004,,,1.00000000,,,,EUR,,,,0.83420000,0,0.00,2022-02-18,2022-02-22,1.00000000,0.27000000,0.27,0.20,26,0.07
Hotel Chocolat,ORDER,2022-02-11T14:58:32.586Z,GBP,50.60,BUY,HOTC,GB00BYZC3B04,4.60000000,0.00,11.00000000,London Stock Exchange - Aim MTF,M04LG3SBRE04,MARKET,GBP,50.60,4.60000000,,,,,,,,,,,,
M&S,ORDER,2022-02-11T14:57:39.629Z,GBP,49.52,BUY,MKS,GB0031274896,1.97080000,0.25,25.00000000,London Stock Exchange,PTDJ7VAW71FM,MARKET,GBP,49.27,1.97080000,,,,,,,,,,,,
Top up,TOP_UP,2022-02-11T14:57:17.803Z,GBP,100.00,,,,,,,,,,,,,,,,,,,,,,,,
January Statement,MONTHLY_STATEMENT,2022-02-01T00:00:00.000Z,,,,,,,,,,,,,,,,,,,,,,,,,,
Dotdigital,DIVIDEND,2022-01-31T17:20:00.000Z,GBP,0.11,,DOTD,GB00B3W40C23,,,13.00000000,,,,GBP,,,,,,,2022-01-13,2022-01-31,13.00000000,0.00860000,,,0,0.00
Nordea Bank,ORDER,2022-01-28T10:46:51.713Z,GBP,8.56,BUY,NDAh,FI4000297767,8.52000000,0.00,1.00000000,CBOE Europe (NL),NODEIXUVFICX,MARKET,EUR,10.23,10.23000000,1.19652928,1.20193800,45,0.04,,,,,,,,
Deliveroo,ORDER,2022-01-28T10:05:07.080Z,GBP,33.87,BUY,ROO,GB00BNC5T391,1.46521739,0.17,23.00000000,London Stock Exchange,6QNJ8EFCQP54,BASIC,GBP,33.70,1.46521739,,,,,,,,,,,,
ITM Power,ORDER,2022-01-28T10:00:24.394Z,GBP,33.49,BUY,ITM,GB00B0130H42,2.39214286,0.00,14.00000000,London Stock Exchange - Aim MTF,YI9XH2EWEK6D,BASIC,GBP,33.49,2.39214286,,,,,,,,,,,,
Kingfisher,ORDER,2022-01-24T13:52:27.884Z,GBP,12.72,SELL,KGF,GB0033195214,3.18000000,0.00,4.00000000,London Stock Exchange,9ER5GIEM4QLA,MARKET,GBP,12.72,3.18000000,,,,,,,,,,,,
OSB,ORDER,2022-01-21T12:25:56.544Z,GBP,61.79,SELL,OSB,GB00BLDRH360,5.61727273,0.00,11.00000000,London Stock Exchange,KWWHULYENVGQ,MARKET,GBP,61.79,5.61727273,,,,,,,,,,,,
Puma,ORDER,2022-01-21T08:19:16.420Z,GBP,79.40,BUY,PUMd,DE0006969603,79.04000000,0.00,1.00000000,Boerse Berlin Equiduct Trading,6K1C1JZPITXQ,MARKET,EUR,94.56,94.56000000,1.19097439,1.19635800,45,0.36,,,,,,,,
Top up,TOP_UP,2022-01-21T08:18:54.193Z,GBP,80.00,,,,,,,,,,,,,,,,,,,,,,,,
Lloyds,ORDER,2022-01-21T08:17:48.332Z,GBP,44.63,BUY,LLOY,GB0008706128,0.52247059,0.22,85.00000000,London Stock Exchange,U3WJZP3PIAZZ,MARKET,GBP,44.41,0.52247059,,,,,,,,,,,,
Infineon Tech,ORDER,2022-01-21T08:16:31.059Z,GBP,30.77,BUY,IFXd,DE0006231004,30.63000000,0.00,1.00000000,Boerse Berlin Equiduct Trading,DLXQ613S0X5G,MARKET,EUR,36.64,36.64000000,1.19091765,1.19630100,45,0.14,,,,,,,,
ITV,ORDER,2022-01-20T13:12:23.900Z,GBP,50.00,BUY,ITV,GB0033986497,1.15697674,0.25,43.00000000,London Stock Exchange,EB3VZX8ZFETP,MARKET,GBP,49.75,1.15697674,,,,,,,,,,,,
JD Sports,ORDER,2022-01-20T13:08:21.575Z,GBP,48.97,BUY,JD.,GB00BM8Q5M07,1.94920000,0.24,25.00000000,London Stock Exchange,RF1J2R9MGSMM,MARKET,GBP,48.73,1.94920000,,,,,,,,,,,,
Top up,TOP_UP,2022-01-20T13:07:38.115Z,GBP,150.00,,,,,,,,,,,,,,,,,,,,,,,,
National Grid,DIVIDEND,2022-01-19T12:00:00.000Z,GBP,0.34,,NG.,GB00BDR05C01,,,2.00000000,,,,GBP,,,,,,,2021-12-02,2022-01-19,2.00000000,0.17210000,,,0,0.00
M&S,ORDER,2022-01-14T10:32:05.435Z,GBP,22.35,SELL,MKS,GB0031274896,2.23500000,0.00,10.00000000,London Stock Exchange,3FRSLPV7DW29,MARKET,GBP,22.35,2.23500000,,,,,,,,,,,,
Ideagen,ORDER,2022-01-14T09:11:56.265Z,GBP,49.28,BUY,IDEA,GB00B0CM0C50,2.59368421,0.00,19.00000000,London Stock Exchange - Aim MTF,S4C42N5KKJNX,MARKET,GBP,49.28,2.59368421,,,,,,,,,,,,
Top up,TOP_UP,2022-01-14T09:10:56.030Z,GBP,50.00,,,,,,,,,,,,,,,,,,,,,,,,
4Global,ORDER,2022-01-14T09:09:20.868Z,GBP,49.50,BUY,4GBL,GB00BLH36N37,0.90000000,0.00,55.00000000,London Stock Exchange - Aim MTF,RTJ4VJN4VW00,MARKET,GBP,49.50,0.90000000,,,,,,,,,,,,
Royal Mail,SPECIAL_DIVIDEND,2022-01-12T23:55:00.000Z,GBP,1.60,,IDS,GB00BDVZYZ77,,,8.00000000,,,,GBP,,,,,,,2021-12-02,2022-01-12,8.00000000,0.20000000,,,0,0.00
Royal Mail,DIVIDEND,2022-01-12T20:40:00.000Z,GBP,0.53,,IDS,GB00BDVZYZ77,,,8.00000000,,,,GBP,,,,,,,2021-12-02,2022-01-12,8.00000000,0.06700000,,,0,0.00
Zynga,ORDER,2022-01-10T19:14:59.186Z,GBP,48.06,SELL,ZNGA,US98986T1088,6.26568712,0.00,7.70545977,Multiple,PFWB823IA4SV,MARKET,USD,65.53,8.50000000,1.36317682,1.35707000,45,0.22,,,,,,,,
December Statement,MONTHLY_STATEMENT,2022-01-01T00:00:00.000Z,,,,,,,,,,,,,,,,,,,,,,,,,,
Fallen Angels,DIVIDEND,2021-12-31T17:05:00.000Z,GBP,0.21,,WIGG,IE00BDFK1680,,,2.00000000,,,,GBP,,,,,,,2021-12-16,2021-12-31,2.00000000,0.10590000,,,0,0.00
UK Dividend,DIVIDEND,2021-12-31T05:00:00.000Z,GBP,0.13,,IUKD,IE00B0M63060,,,2.00000000,,,,GBP,,,,,,,2021-12-16,2021-12-31,2.00000000,0.06760000,,,0,0.00
Renewables Infrastructure,DIVIDEND,2021-12-31T01:25:00.000Z,GBP,0.25,,TRIG,GG00BBHX2H91,,,15.00000000,,,,GBP,,,,,,,2021-11-11,2021-12-31,15.00000000,0.01690000,,,0,0.00
FTSE EM,DIVIDEND,2021-12-29T21:45:00.000Z,GBP,0.28,,VFEM,IE00B3VVMM84,,,1.00000000,,,,GBP,,,,,,,2021-12-16,2021-12-29,1.00000000,0.28409332,,,0,0.00
Softcat,DIVIDEND,2021-12-20T14:20:00.000Z,GBP,0.69,,SCT,GB00BYZDVK82,,,2.00000000,,,,GBP,,,,,,,2021-11-11,2021-12-20,2.00000000,0.34900000,,,0,0.00
Nvidia,ORDER,2021-12-17T15:00:37.898Z,GBP,37.94,BUY,NVDA,US67066G1040,214.24590631,0.00,0.17629275,Drivewealth,A0KCTC0G35JA,BASIC,USD,50.15,284.47000000,1.32187468,1.32785000,45,0.17,,,,,,,,
Eventbrite,ORDER,2021-12-15T15:15:06.082Z,GBP,25.47,SELL,EB,US29975E1091,10.81998488,0.00,2.36506800,Multiple,KOZCINHL4OF0,BASIC,USD,33.84,14.31000000,1.32827044,1.32232000,45,0.12,,,,,,,,
DS Smith,ORDER,2021-12-09T12:46:35.108Z,GBP,46.46,BUY,SMDS,GB0008220112,3.85250000,0.23,12.00000000,London Stock Exchange,HC15DNSWJ2W6,MARKET,GBP,46.23,3.85250000,,,,,,,,,,,,
Renalytix,ORDER,2021-12-09T12:45:57.550Z,GBP,48.72,BUY,RENX,GB00BYWL4Y04,6.09000000,0.00,8.00000000,London Stock Exchange - Aim MTF,HUOF52HDWILD,MARKET,GBP,48.72,6.09000000,,,,,,,,,,,,
GB,ORDER,2021-12-09T12:45:16.601Z,GBP,44.01,BUY,GBG,GB0006870611,7.33500000,0.00,6.00000000,London Stock Exchange - Aim MTF,B1E9V1BMAHIK,MARKET,GBP,44.01,7.33500000,,,,,,,,,,,,
Top up,TOP_UP,2021-12-09T12:44:52.992Z,GBP,120.00,,,,,,,,,,,,,,,,,,,,,,,,
Dotdigital,ORDER,2021-12-03T09:42:53.116Z,GBP,24.76,BUY,DOTD,GB00B3W40C23,1.90461538,0.00,13.00000000,London Stock Exchange - Aim MTF,DGFM2HAVWSF8,MARKET,GBP,24.76,1.90461538,,,,,,,,,,,,
Top up,TOP_UP,2021-12-03T09:40:33.070Z,GBP,50.00,,,,,,,,,,,,,,,,,,,,,,,,
Pennon Group,ORDER,2021-12-03T09:39:22.679Z,GBP,24.14,BUY,PNN,GB00BNNTLN49,12.01000000,0.12,2.00000000,London Stock Exchange,W41FH4MCN5RX,MARKET,GBP,24.02,12.01000000,,,,,,,,,,,,
Eventbrite,ORDER,2021-12-02T19:35:36.331Z,GBP,24.96,BUY,EB,US29975E1091,10.50709747,0.00,2.36506800,Multiple,07LTEGD5R0OT,MARKET,USD,33.04,13.97000000,1.32391545,1.32990000,45,0.11,,,,,,,,
Coinbase,ORDER,2021-12-02T16:32:58.764Z,GBP,49.92,BUY,COIN,US19260Q1076,217.18013746,0.00,0.22884229,Drivewealth,HRHGFJUCICTA,MARKET,USD,66.14,289.02000000,1.32483131,1.33082000,45,0.22,,,,,,,,
Deliveroo,ORDER,2021-12-01T08:08:35.253Z,GBP,26.55,SELL,ROO,GB00BNC5T391,2.95000000,0.00,9.00000000,London Stock Exchange,3GBLZSQ8EUFJ,MARKET,GBP,26.55,2.95000000,,,,,,,,,,,,
November Statement,MONTHLY_STATEMENT,2021-12-01T00:00:00.000Z,,,,,,,,,,,,,,,,,,,,,,,,,,
Royal Mail,ORDER,2021-11-30T15:03:25.986Z,GBP,25.51,BUY,IDS,GB00BDVZYZ77,5.07600000,0.13,5.00000000,London Stock Exchange,X98DE612RDFU,MARKET,GBP,25.38,5.07600000,,,,,,,,,,,,
YouGov,ORDER,2021-11-30T13:05:23.845Z,GBP,43.81,SELL,YOU,GB00B1VQ6H25,14.60333333,0.00,3.00000000,London Stock Exchange - Aim MTF,SX1TEFJTF2UU,MARKET,GBP,43.81,14.60333333,,,,,,,,,,,,
FirstGroup,ORDER,2021-11-30T10:24:42.895Z,GBP,12.25,SELL,FGP,GB0003452173,0.94230769,0.00,13.00000000,London Stock Exchange,0N9ZG8VN9X3O,MARKET,GBP,12.25,0.94230769,,,,,,,,,,,,
Alphabet,ORDER,2021-11-29T15:29:07.593Z,GBP,19.98,BUY,GOOGL,US02079K3059,2183.43247881,0.00,0.00910951,Drivewealth,D9NK8CF0RGEQ,BASIC,USD,26.44,2902.46000000,1.32384577,1.32983000,45,0.09,,,,,,,,
Greencoat UK,DIVIDEND,2021-11-26T22:05:00.000Z,GBP,0.23,,UKW,GB00B8SC6K54,,,13.00000000,,,,GBP,,,,,,,2021-11-11,2021-11-26,13.00000000,0.01795000,,,0,0.00
Foresight Solar,DIVIDEND,2021-11-26T21:05:00.000Z,GBP,0.24,,FSFL,JE00BD3QJR55,,,14.00000000,,,,GBP,,,,,,,2021-10-28,2021-11-26,14.00000000,0.01745000,,,0,0.00
Barclays,ORDER,2021-11-26T15:37:12.442Z,GBP,31.16,SELL,BARC,GB0031348658,1.83294118,0.00,17.00000000,London Stock Exchange,VJ8YH4Y5NW22,MARKET,GBP,31.16,1.83294118,,,,,,,,,,,,
Learning Tech,ORDER,2021-11-25T12:42:42.241Z,GBP,39.42,BUY,LTG,GB00B4T7HX10,1.71391304,0.00,23.00000000,London Stock Exchange - Aim MTF,LIQLV3P0XKTD,MARKET,GBP,39.42,1.71391304,,,,,,,,,,,,
Smaller Companies,ORDER,2021-11-25T12:42:02.254Z,GBP,40.30,BUY,BRSC,GB0006436108,20.05000000,0.20,2.00000000,London Stock Exchange,TU5Y7BT2HKVD,MARKET,GBP,40.10,20.05000000,,,,,,,,,,,,
Top up,TOP_UP,2021-11-25T12:41:20.300Z,GBP,100.00,,,,,,,,,,,,,,,,,,,,,,,,
Cognition Thera,ORDER,2021-11-23T15:05:11.599Z,GBP,34.96,BUY,CGTX,US19243B1026,8.13496775,0.00,4.27782888,Multiple,DEU6BR6Y24OI,BASIC,USD,46.50,10.87000000,1.33052557,1.33654000,45,0.16,,,,,,,,
Top up,TOP_UP,2021-11-23T14:18:25.121Z,GBP,50.00,,,,,,,,,,,,,,,,,,,,,,,,
Wise,ORDER,2021-11-23T14:17:08.787Z,GBP,28.80,BUY,WISE,GB00BL9YR756,7.16500000,0.14,4.00000000,London Stock Exchange,HR670X8YDHOE,MARKET,GBP,28.66,7.16500000,,,,,,,,,,,,
Advanced Medical Solutions,ORDER,2021-11-23T10:21:36.139Z,GBP,29.56,SELL,AMS,GB0004536594,3.28444444,0.00,9.00000000,London Stock Exchange - Aim MTF,3KV8C4FFXPKB,MARKET,GBP,29.56,3.28444444,,,,,,,,,,,,
AMD,ORDER,2021-11-22T17:44:27.756Z,GBP,9.98,BUY,AMD,US0079031078,115.94178556,0.00,0.08573268,Drivewealth,Q1EV7N30H79K,MARKET,USD,13.31,155.25000000,1.33381072,1.33984000,45,0.04,,,,,,,,
Nvidia,ORDER,2021-11-22T17:43:48.218Z,GBP,9.98,BUY,NVDA,US67066G1040,245.53522356,0.00,0.04048299,Drivewealth,GCYHAQTY5WXZ,MARKET,USD,13.31,328.78000000,1.33371117,1.33974000,45,0.04,,,,,,,,
Beyondspring,ORDER,2021-11-18T20:26:13.519Z,GBP,19.99,SELL,BYSI,KYG108301006,9.75070383,0.00,2.05933852,Multiple,465XJVF71BRL,MARKET,USD,27.12,13.17000000,1.35607500,1.35000000,45,0.09,,,,,,,,
Rivian,ORDER,2021-11-18T15:05:06.937Z,GBP,56.91,BUY,RIVN,US76954A1034,96.14152630,0.00,0.58933951,Drivewealth,11FLA3IOVOYC,BASIC,USD,76.29,129.45000000,1.34057017,1.34663000,45,0.25,,,,,,,,
IWG,ORDER,2021-11-18T13:53:11.939Z,GBP,48.83,BUY,IWG,JE00BYVQYS01,3.05187500,0.00,16.00000000,London Stock Exchange,4AZFE705ES73,MARKET,GBP,48.83,3.05187500,,,,,,,,,,,,
Top up,TOP_UP,2021-11-18T13:52:32.502Z,GBP,50.00,,,,,,,,,,,,,,,,,,,,,,,,
OSB,ORDER,2021-11-18T13:50:40.736Z,GBP,55.72,BUY,OSB,GB00BLDRH360,5.04000000,0.28,11.00000000,London Stock Exchange,VU52O115LS6S,MARKET,GBP,55.44,5.04000000,,,,,,,,,,,,
Eventbrite,ORDER,2021-11-17T15:23:03.336Z,GBP,47.34,SELL,EB,US29975E1091,15.09552103,0.00,3.14994096,Multiple,DD44BFN40ZOZ,BASIC,USD,64.04,20.33000000,1.35271997,1.34666000,45,0.21,,,,,,,,
SuperDry,ORDER,2021-11-17T12:26:43.191Z,GBP,46.06,SELL,SDRY,GB00B60BD277,2.87875000,0.00,16.00000000,London Stock Exchange,7V4O3MPTAJX0,MARKET,GBP,46.06,2.87875000,,,,,,,,,,,,
Lucid Group,ORDER,2021-11-16T20:55:10.187Z,GBP,19.97,BUY,LCID,US5494981039,41.00436352,0.00,0.48482645,Drivewealth,5F9N0ON2G4F5,MARKET,USD,26.68,55.03000000,1.33624970,1.34229000,45,0.09,,,,,,,,
ITM Power,ORDER,2021-11-16T13:09:26.815Z,GBP,38.93,SELL,ITM,GB00B0130H42,4.86625000,0.00,8.00000000,London Stock Exchange - Aim MTF,23TSYHHJTBWS,MARKET,GBP,38.93,4.86625000,,,,,,,,,,,,
Intuitive Surgical,ORDER,2021-11-12T15:21:11.969Z,GBP,67.90,BUY,ISRG,US46120E6023,264.58527296,0.00,0.25549419,Drivewealth,J7PL6UI9J3EQ,BASIC,USD,90.68,354.92000000,1.33549312,1.34153000,45,0.30,,,,,,,,
MercadoLibre,ORDER,2021-11-12T15:12:12.933Z,GBP,69.89,BUY,MELI,US58733R1023,1179.40019415,0.00,0.05899609,Drivewealth,4AAXFWR98W5H,BASIC,USD,93.31,1581.63000000,1.33501528,1.34105000,45,0.31,,,,,,,,
Kingfisher,DIVIDEND,2021-11-12T11:35:00.000Z,GBP,0.15,,KGF,GB0033195214,,,4.00000000,,,,GBP,,,,,,,2021-10-07,2021-11-12,4.00000000,0.03800000,,,0,0.00
Coinbase,ORDER,2021-11-10T15:28:03.537Z,GBP,19.28,SELL,COIN,US19260Q1076,251.57255576,0.00,0.07699568,DRVW,WAVREO8F0U88,BASIC,USD,26.16,339.76000000,1.35614532,1.35007000,45,0.09,,,,,,,,
Urban Outfitters,ORDER,2021-11-10T15:21:09.938Z,GBP,35.69,SELL,URBN,US9170471026,26.38229540,0.00,1.35886584,Multiple,VXLVPJBX0MOW,BASIC,USD,48.43,35.64000000,1.35695896,1.35088000,45,0.16,,,,,,,,
Hotel Chocolat,ORDER,2021-11-10T10:12:05.308Z,GBP,75.03,SELL,HOTC,GB00BYZC3B04,5.00200000,0.00,15.00000000,LSE - AIM MTF,SWXKGR7Z3P1N,BASIC,GBP,75.03,5.00200000,,,,,,,,,,,,
Coinbase,ORDER,2021-11-09T15:04:13.396Z,GBP,19.97,BUY,COIN,US19260Q1076,258.19630400,0.00,0.07699568,DRVW,EC0BRHMXBPF0,BASIC,USD,26.92,349.63000000,1.34831516,1.35441000,45,0.09,,,,,,,,
Top up,TOP_UP,2021-11-09T09:30:16.334Z,GBP,20.00,,,,,,,,,,,,,,,,,,,,,,,,
Ocado,ORDER,2021-11-08T11:12:50.650Z,GBP,17.33,BUY,OCDO,GB00B3MBS747,17.24000000,0.09,1.00000000,London Stock Exchange,TCQDSF1GDQSZ,MARKET,GBP,17.24,17.24000000,,,,,,,,,,,,
Top up,TOP_UP,2021-11-08T11:11:18.849Z,GBP,10.00,,,,,,,,,,,,,,,,,,,,,,,,
Top up,TOP_UP,2021-11-08T11:09:57.646Z,GBP,15.00,,,,,,,,,,,,,,,,,,,,,,,,
Zynga,ORDER,2021-11-05T15:36:04.671Z,GBP,39.95,BUY,ZNGA,US98986T1088,5.16127541,0.00,7.70545977,Multiple,0KAIP6QSNGF5,BASIC,USD,53.62,6.96000000,1.34242180,1.34849000,45,0.18,,,,,,,,
Cassava Sciences,ORDER,2021-11-05T15:14:07.252Z,GBP,51.92,BUY,SAVA,US14817C1071,66.51581427,0.00,0.77710843,DRVW,GWEFRLK70TA9,BASIC,USD,69.66,89.64000000,1.34172495,1.34779000,45,0.23,,,,,,,,
Softcat,ORDER,2021-11-05T11:44:34.930Z,GBP,40.32,BUY,SCT,GB00BYZDVK82,20.06000000,0.20,2.00000000,London Stock Exchange,Y73O8E0WUNZK,MARKET,GBP,40.12,20.06000000,,,,,,,,,,,,
Top up,TOP_UP,2021-11-05T11:43:12.999Z,GBP,100.00,,,,,,,,,,,,,,,,,,,,,,,,
Indivior,ORDER,2021-11-05T10:08:09.436Z,GBP,13.26,BUY,INDV,GB00BRS65X63,2.63800000,0.07,5.00000000,London Stock Exchange,RERDJQ1V80XL,BASIC,GBP,13.19,2.63800000,,,,,,,,,,,,
Cineworld,ORDER,2021-11-05T10:03:10.455Z,GBP,14.71,BUY,CINE,GB00B15FWH70,0.61000000,0.07,24.00000000,London Stock Exchange,9PMFIN43OVRE,BASIC,GBP,14.64,0.61000000,,,,,,,,,,,,
Indivior,ORDER,2021-11-05T10:02:16.487Z,GBP,7.98,BUY,INDV,GB00BRS65X63,2.64666667,0.04,3.00000000,London Stock Exchange,W6BYFD52S6N1,BASIC,GBP,7.94,2.64666667,,,,,,,,,,,,
YouGov,ORDER,2021-11-05T10:01:09.311Z,GBP,39.88,BUY,YOU,GB00B1VQ6H25,13.29333333,0.00,3.00000000,LSE - AIM MTF,FRYQIU0EA5B0,BASIC,GBP,39.88,13.29333333,,,,,,,,,,,,
Top up,TOP_UP,2021-11-04T21:05:39.859Z,GBP,100.00,,,,,,,,,,,,,,,,,,,,,,,,
October Statement,MONTHLY_STATEMENT,2021-11-01T00:00:00.000Z,,,,,,,,,,,,,,,,,,,,,,,,,,
Advanced Medical Solutions,DIVIDEND,2021-10-22T13:40:00.000Z,GBP,0.05,,AMS,GB0004536594,,,9.00000000,,,,GBP,,,,,,,2021-09-23,2021-10-22,9.00000000,0.00580000,,,0,0.00
September Statement,MONTHLY_STATEMENT,2021-10-01T00:00:00.000Z,,,,,,,,,,,,,,,,,,,,,,,,,,
Renewables Infrastructure,DIVIDEND,2021-09-30T22:20:00.000Z,GBP,0.25,,TRIG,GG00BBHX2H91,,,15.00000000,,,,GBP,,,,,,,2021-08-12,2021-09-30,15.00000000,0.01690000,,,0,0.00
FTSE EM,DIVIDEND,2021-09-29T23:25:00.000Z,GBP,0.47,,VFEM,IE00B3VVMM84,,,1.00000000,,,,GBP,,,,,,,2021-09-16,2021-09-29,1.00000000,0.47083036,,,0,0.00
UK Dividend,DIVIDEND,2021-09-29T02:40:00.000Z,GBP,0.33,,IUKD,IE00B0M63060,,,2.00000000,,,,GBP,,,,,,,2021-09-16,2021-09-29,2.00000000,0.16650000,,,0,0.00
Barclays,DIVIDEND,2021-09-17T21:40:00.000Z,GBP,0.34,,BARC,GB0031348658,,,17.00000000,,,,GBP,,,,,,,2021-08-12,2021-09-17,17.00000000,0.02000000,,,0,0.00
Royal Mail,DIVIDEND,2021-09-06T18:25:00.000Z,GBP,0.30,,IDS,GB00BDVZYZ77,,,3.00000000,,,,GBP,,,,,,,2021-07-29,2021-09-06,3.00000000,0.10000000,,,0,0.00
August Statement,MONTHLY_STATEMENT,2021-09-01T00:00:00.000Z,,,,,,,,,,,,,,,,,,,,,,,,,,
Greencoat UK,DIVIDEND,2021-08-27T23:30:00.000Z,GBP,0.23,,,,,,13.00000000,,,,,,,,,,,,,,,,,,
Foresight Solar,DIVIDEND,2021-08-27T19:40:00.000Z,GBP,0.24,,FSFL,JE00BD3QJR55,,,14.00000000,,,,GBP,,,,,,,2021-07-29,2021-08-27,14.00000000,0.01745000,,,0,0.00
National Grid,DIVIDEND,2021-08-18T11:20:00.000Z,GBP,0.64,,NG.,GB00BDR05C01,,,2.00000000,,,,GBP,,,,,,,2021-06-03,2021-08-18,2.00000000,0.32160000,,,0,0.00
July Statement,MONTHLY_STATEMENT,2021-08-01T00:00:00.000Z,,,,,,,,,,,,,,,,,,,,,,,,,,
Wise,ORDER,2021-07-08T09:49:58.527Z,GBP,17.94,BUY,WISE,GB00BL9YR756,8.92500000,0.09,2.00000000,London Stock Exchange,XYSFPGR2RGLT,MARKET,GBP,17.85,8.92500000,,,,,,,,,,,,
FTSE EM,ORDER,2021-07-08T09:48:47.141Z,GBP,50.82,BUY,VFEM,IE00B3VVMM84,50.82000000,0.00,1.00000000,London Stock Exchange,FJJ4VY2O8KIB,MARKET,GBP,50.82,50.82000000,,,,,,,,,,,,
Wise,ORDER,2021-07-08T09:43:24.326Z,GBP,27.19,BUY,WISE,GB00BL9YR756,9.01666667,0.14,3.00000000,London Stock Exchange,375CQEQHDN1M,MARKET,GBP,27.05,9.01666667,,,,,,,,,,,,
Top up,TOP_UP,2021-07-08T07:51:02.120Z,GBP,100.00,,,,,,,,,,,,,,,,,,,,,,,,
Kingfisher,DIVIDEND,2021-07-05T15:30:00.000Z,GBP,0.22,,KGF,GB0033195214,,,4.00000000,,,,GBP,,,,,,,2021-06-03,2021-07-05,4.00000000,0.05500000,,,0,0.00
Kingfisher,DIVIDEND,2021-07-05T14:35:00.000Z,GBP,0.11,,KGF,GB0033195214,,,4.00000000,,,,GBP,,,,,,,2021-06-03,2021-07-05,4.00000000,0.02750000,,,0,0.00
June Statement,MONTHLY_STATEMENT,2021-07-01T00:00:00.000Z,,,,,,,,,,,,,,,,,,,,,,,,,,
UK Dividend,DIVIDEND,2021-06-30T17:20:00.000Z,GBP,0.27,,IUKD,IE00B0M63060,,,2.00000000,,,,GBP,,,,,,,2021-06-17,2021-06-30,2.00000000,0.13630000,,,0,0.00
Fallen Angels,DIVIDEND,2021-06-30T15:10:00.000Z,GBP,0.22,,WIGG,IE00BDFK1680,,,2.00000000,,,,GBP,,,,,,,2021-06-17,2021-06-30,2.00000000,0.11030000,,,0,0.00
Renewables Infrastructure,DIVIDEND,2021-06-30T13:00:00.000Z,GBP,0.25,,TRIG,GG00BBHX2H91,,,15.00000000,,,,GBP,,,,,,,2021-05-13,2021-06-30,15.00000000,0.01690000,,,0,0.00
Advanced Medical Solutions,DIVIDEND,2021-06-18T23:20:00.000Z,GBP,0.10,,AMS,GB0004536594,,,9.00000000,,,,GBP,,,,,,,2021-05-27,2021-06-18,9.00000000,0.01200000,,,0,0.00
May Statement,MONTHLY_STATEMENT,2021-06-01T00:00:00.000Z,,,,,,,,,,,,,,,,,,,,,,,,,,
Greencoat UK,DIVIDEND,2021-05-28T09:45:00.000Z,GBP,0.23,,UKW,GB00B8SC6K54,,,13.00000000,,,,GBP,,,,,,,2021-05-13,2021-05-28,13.00000000,0.01795000,,,0,0.00
Foresight Solar,DIVIDEND,2021-05-28T04:20:00.000Z,GBP,0.24,,FSFL,JE00BD3QJR55,,,14.00000000,,,,GBP,,,,,,,2021-04-29,2021-05-28,14.00000000,0.01730000,,,0,0.00
AFC Energy,ORDER,2021-05-04T10:55:09.405Z,GBP,74.99,BUY,AFC,GB00B18S7B29,0.66955357,0.00,112.00000000,LSE - AIM MTF,51DZN96SMSK0,MARKET,GBP,74.99,0.66955357,,,,,,,,,,,,
Ceres,ORDER,2021-05-04T10:51:32.248Z,GBP,127.68,BUY,CWR,GB00BG5KQW09,12.76800000,0.00,10.00000000,LSE - AIM MTF,TT0DU3Q4GJTH,MARKET,GBP,127.68,12.76800000,,,,,,,,,,,,
Top up,TOP_UP,2021-05-04T10:49:53.790Z,GBP,200.00,,,,,,,,,,,,,,,,,,,,,,,,
April Statement,MONTHLY_STATEMENT,2021-05-01T00:00:00.000Z,,,,,,,,,,,,,,,,,,,,,,,,,,
FirstGroup,ORDER,2021-04-13T07:57:32.768Z,GBP,11.39,BUY,FGP,GB0003452173,0.87153846,0.06,13.00000000,London Stock Exchange,PXIDWD6L500S,MARKET,GBP,11.33,0.87153846,,,,,,,,,,,,
National Express,ORDER,2021-04-13T07:56:29.818Z,GBP,9.21,BUY,NEX,GB0006215205,3.05333333,0.05,3.00000000,London Stock Exchange,6JHEGKVVL7B1,MARKET,GBP,9.16,3.05333333,,,,,,,,,,,,
Fallen Angels,ORDER,2021-04-13T07:54:31.817Z,GBP,11.19,BUY,WIGG,IE00BDFK1680,5.59500000,0.00,2.00000000,London Stock Exchange,1C0YDSM6KWAZ,MARKET,GBP,11.19,5.59500000,,,,,,,,,,,,
UK Dividend,ORDER,2021-04-13T07:51:18.809Z,GBP,14.47,BUY,IUKD,IE00B0M63060,7.23500000,0.00,2.00000000,London Stock Exchange,BVRCBYYX5BQT,MARKET,GBP,14.47,7.23500000,,,,,,,,,,,,
Royal Mail,ORDER,2021-04-13T07:47:15.501Z,GBP,15.35,BUY,IDS,GB00BDVZYZ77,5.09000000,0.08,3.00000000,London Stock Exchange,JMNZ579QSPU3,MARKET,GBP,15.27,5.09000000,,,,,,,,,,,,
Deliveroo,ORDER,2021-04-13T07:45:33.752Z,GBP,23.47,BUY,ROO,GB00BNC5T391,2.59444444,0.12,9.00000000,London Stock Exchange,9KTU2U0HPOIG,MARKET,GBP,23.35,2.59444444,,,,,,,,,,,,
Beyondspring,ORDER,2021-04-12T19:40:37.298Z,GBP,15.48,BUY,BYSI,KYG108301006,7.48298536,0.00,2.05933852,Multiple,K8WW2I1WSQ7I,MARKET,USD,21.17,10.28000000,1.36761790,1.37380000,45,0.07,,,,,,,,
Top up,TOP_UP,2021-04-12T19:39:24.612Z,GBP,100.00,,,,,,,,,,,,,,,,,,,,,,,,
Barclays,DIVIDEND,2021-04-01T03:10:00.000Z,GBP,0.17,,BARC,GB0031348658,,,17.00000000,,,,GBP,,,,,,,2021-02-25,2021-04-01,17.00000000,0.01000000,,,0,0.00
March Statement,MONTHLY_STATEMENT,2021-04-01T00:00:00.000Z,,,,,,,,,,,,,,,,,,,,,,,,,,
Renewables Infrastructure,DIVIDEND,2021-03-31T15:35:00.000Z,GBP,0.25,,TRIG,GG00BBHX2H91,,,15.00000000,,,,GBP,,,,,,,2021-02-11,2021-03-31,15.00000000,0.01690000,,,0,0.00
Foresight Solar,DIVIDEND,2021-03-05T13:55:00.000Z,GBP,0.24,,FSFL,JE00BD3QJR55,,,14.00000000,,,,GBP,,,,,,,2021-02-04,2021-03-05,14.00000000,0.01730000,,,0,0.00
February Statement,MONTHLY_STATEMENT,2021-03-01T00:00:00.000Z,,,,,,,,,,,,,,,,,,,,,,,,,,
Greencoat UK,DIVIDEND,2021-02-26T13:15:00.000Z,GBP,0.23,,UKW,GB00B8SC6K54,,,13.00000000,,,,GBP,,,,,,,2021-02-11,2021-02-26,13.00000000,0.01775000,,,0,0.00
January Statement,MONTHLY_STATEMENT,2021-02-01T00:00:00.000Z,,,,,,,,,,,,,,,,,,,,,,,,,,
Clean Energy Fuels,ORDER,2021-01-19T15:34:09.228Z,GBP,14.98,BUY,CLNE,US1844991018,7.34482759,0.00,2.03000000,Multiple,YWGHRROLMUMO,BASIC,USD,20.30,10.00000000,1.35537325,1.36150000,45,0.07,,,,,,,,
Pineapple Power,ORDER,2021-01-18T13:19:39.910Z,GBP,11.78,BUY,PNPL,GB00BD0SN947,0.06301075,0.06,186.00000000,London Stock Exchange,9HO5DP8IGX2K,MARKET,GBP,11.72,0.06301075,,,,,,,,,,,,
Foresight Solar,ORDER,2021-01-18T13:10:43.021Z,GBP,14.35,BUY,FSFL,JE00BD3QJR55,1.02500000,0.00,14.00000000,London Stock Exchange,XANV3T561OL7,MARKET,GBP,14.35,1.02500000,,,,,,,,,,,,
SSP Group,ORDER,2021-01-18T08:58:25.779Z,GBP,16.72,BUY,SSPG,GB00BGBN7C04,3.32800000,0.08,5.00000000,London Stock Exchange,XLKRALZ9FZY1,MARKET,GBP,16.64,3.32800000,,,,,,,,,,,,
National Grid,ORDER,2021-01-18T08:56:59.185Z,GBP,17.46,BUY,NG.,GB00BDR05C01,8.68500000,0.09,2.00000000,London Stock Exchange,XRA9SM653RJV,MARKET,GBP,17.37,8.68500000,,,,,,,,,,,,
Cineworld,ORDER,2021-01-18T08:54:14.636Z,GBP,14.52,BUY,CINE,GB00B15FWH70,0.65681818,0.07,22.00000000,London Stock Exchange,5LMW18ILFOJA,MARKET,GBP,14.45,0.65681818,,,,,,,,,,,,
Kingfisher,ORDER,2021-01-18T08:50:16.530Z,GBP,10.78,BUY,KGF,GB0033195214,2.68250000,0.05,4.00000000,London Stock Exchange,F42OXDMD3TU0,MARKET,GBP,10.73,2.68250000,,,,,,,,,,,,
Top up,TOP_UP,2021-01-18T08:11:31.801Z,GBP,100.00,,,,,,,,,,,,,,,,,,,,,,,,
December Statement,MONTHLY_STATEMENT,2021-01-01T00:00:00.000Z,,,,,,,,,,,,,,,,,,,,,,,,,,
Renewables Infrastructure,DIVIDEND,2020-12-31T14:25:00.000Z,GBP,0.25,,TRIG,GG00BBHX2H91,,,15.00000000,,,,GBP,,,,,,,2020-11-12,2020-12-31,15.00000000,0.01690000,,,0,0.00
November Statement,MONTHLY_STATEMENT,2020-12-01T00:00:00.000Z,,,,,,,,,,,,,,,,,,,,,,,,,,
Greencoat UK,DIVIDEND,2020-11-27T12:25:00.000Z,GBP,0.23,,UKW,GB00B8SC6K54,,,13.00000000,,,,GBP,,,,,,,2020-11-05,2020-11-27,13.00000000,0.01775000,,,0,0.00
October Statement,MONTHLY_STATEMENT,2020-11-01T00:00:00.000Z,,,,,,,,,,,,,,,,,,,,,,,,,,
Advanced Medical Solutions,DIVIDEND,2020-10-23T16:10:00.000Z,GBP,0.04,,AMS,GB0004536594,,,9.00000000,,,,GBP,,,,,,,2020-09-24,2020-10-23,9.00000000,0.00500000,,,0,0.00
Urban Outfitters,ORDER,2020-10-15T14:14:22.616Z,GBP,24.97,BUY,URBN,US9170471026,18.29466844,0.00,1.35886584,Multiple,YRDZRY47QN6P,MARKET,USD,32.11,23.63000000,1.28568825,1.29150000,45,0.11,,,,,,,,
SuperDry,ORDER,2020-10-15T14:07:07.324Z,GBP,24.41,BUY,SDRY,GB00B60BD277,1.51812500,0.12,16.00000000,London Stock Exchange,PDEXTZ9G5JQ2,MARKET,GBP,24.29,1.51812500,,,,,,,,,,,,
Trainline,ORDER,2020-10-15T14:04:21.366Z,GBP,17.32,BUY,TRN,GB00BKDTK925,3.44600000,0.09,5.00000000,London Stock Exchange,V4WEVPFJKDRY,MARKET,GBP,17.23,3.44600000,,,,,,,,,,,,
Ocado,ORDER,2020-10-15T14:01:31.211Z,GBP,24.31,BUY,OCDO,GB00B3MBS747,24.19000000,0.12,1.00000000,London Stock Exchange,TC6I0KX9G1AQ,MARKET,GBP,24.19,24.19000000,,,,,,,,,,,,
M&S,ORDER,2020-10-15T13:59:56.974Z,GBP,9.50,BUY,MKS,GB0031274896,0.94500000,0.05,10.00000000,London Stock Exchange,T0K2E8OIWYYZ,MARKET,GBP,9.45,0.94500000,,,,,,,,,,,,
Top up,TOP_UP,2020-10-15T11:27:46.211Z,GBP,100.00,,,,,,,,,,,,,,,,,,,,,,,,
September Statement,MONTHLY_STATEMENT,2020-10-01T00:00:00.000Z,,,,,,,,,,,,,,,,,,,,,,,,,,
Renewables Infrastructure,DIVIDEND,2020-09-30T13:50:00.000Z,GBP,0.25,,TRIG,GG00BBHX2H91,,,15.00000000,,,,GBP,,,,,,,2020-08-13,2020-09-30,15.00000000,0.01690000,,,0,0.00
August Statement,MONTHLY_STATEMENT,2020-09-01T00:00:00.000Z,,,,,,,,,,,,,,,,,,,,,,,,,,
Greencoat UK,DIVIDEND,2020-08-28T08:50:00.000Z,GBP,0.23,,UKW,GB00B8SC6K54,,,13.00000000,,,,GBP,,,,,,,2020-08-13,2020-08-28,13.00000000,0.01775000,,,0,0.00
July Statement,MONTHLY_STATEMENT,2020-08-01T00:00:00.000Z,,,,,,,,,,,,,,,,,,,,,,,,,,
IQE ,ORDER,2020-07-24T13:57:00.676Z,GBP,17.46,BUY,IQE,GB0009619924,0.49885714,0.00,35.00000000,LSE - AIM MTF,56YBW2ALC2H1,MARKET,GBP,17.46,0.49885714,,,,,,,,,,,,
Eventbrite,ORDER,2020-07-24T13:55:48.667Z,GBP,20.99,BUY,EB,US29975E1091,6.63504499,0.00,3.14994096,Multiple,T0MZ4KHDH8S0,MARKET,USD,26.68,8.47000000,1.28214380,1.27640000,45,0.09,,,,,,,,
Metro Bank,ORDER,2020-07-24T13:52:52.901Z,GBP,19.36,BUY,MTRO,GB00BZ6STL67,1.13294118,0.10,17.00000000,London Stock Exchange,W8JZNOI3MSN7,MARKET,GBP,19.26,1.13294118,,,,,,,,,,,,
Barclays,ORDER,2020-07-24T13:50:18.071Z,GBP,19.71,BUY,BARC,GB0031348658,1.15352941,0.10,17.00000000,London Stock Exchange,UNI3S33CNDHY,MARKET,GBP,19.61,1.15352941,,,,,,,,,,,,
Hotel Chocolat,ORDER,2020-07-24T13:48:59.282Z,GBP,45.59,BUY,HOTC,GB00BYZC3B04,3.03933333,0.00,15.00000000,LSE - AIM MTF,OTC6J6CW5JJJ,MARKET,GBP,45.59,3.03933333,,,,,,,,,,,,
Advanced Medical Solutions ,ORDER,2020-07-24T13:45:48.490Z,GBP,18.48,BUY,AMS,GB0004536594,2.05333333,0.00,9.00000000,LSE - AIM MTF,PK4PXNEX61V9,MARKET,GBP,18.48,2.05333333,,,,,,,,,,,,
ITM Power,ORDER,2020-07-24T13:42:04.509Z,GBP,18.93,BUY,ITM,GB00B0130H42,2.36625000,0.00,8.00000000,LSE - AIM MTF,15LFOTXUJJPE,MARKET,GBP,18.93,2.36625000,,,,,,,,,,,,
Renewables Infrastructure,ORDER,2020-07-24T13:41:28.692Z,GBP,19.98,BUY,TRIG,GG00BBHX2H91,1.33200000,0.00,15.00000000,London Stock Exchange,Z3BKLJM5PQR5,MARKET,GBP,19.98,1.33200000,,,,,,,,,,,,
Greencoat UK,ORDER,2020-07-24T13:39:40.818Z,GBP,19.37,BUY,UKW,GB00B8SC6K54,1.48230769,0.10,13.00000000,London Stock Exchange,U3ZFSA4IBZO3,MARKET,GBP,19.27,1.48230769,,,,,,,,,,,,
Top up,TOP_UP,2020-07-24T12:52:44.690Z,GBP,200.00,,,,,,,,,,,,,,,,,,,,,,,,
